[{"__type__":"cc.SpriteFrame","content":{"name":"bg-top","texture":"03BQsbm11L0pd9/AdOCS5t","rect":[0,0,750,56],"offset":[0,0],"originalSize":[750,56],"capInsets":[0,0,0,46]}},{"__type__":"cc.SpriteFrame","content":{"name":"bton","texture":"dahw24jnFOl7DnkfZvUq0+","rect":[0,3,750,49],"offset":[0,-1.5],"originalSize":[750,52],"capInsets":[0,40,0,0]}},{"__type__":"cc.SpriteFrame","content":{"name":"default_sprite_splash","texture":"02delMVqdBD70a/HSD99FK","rect":[0,0,2,2],"offset":[0,0],"originalSize":[2,2]}},[{"__type__":"cc.Prefab","_name":"Layer_SaleHouse","data":{"__id__":1},"asyncLoadAssets":null},{"__type__":"cc.Node","_name":"Layer_SaleHouse","_children":[{"__id__":2},{"__id__":3}],"_components":[{"__type__":"57f05EbWqRMMoCgHoO3fh1v","node":{"__id__":1},"ArrButton":[{"__id__":15},{"__id__":16}],"ArrLabel":[{"__id__":14}],"HouseList":{"__id__":7}}],"_prefab":{"__type__":"cc.PrefabInfo","root":{"__id__":1},"asset":{"__uuid__":"faexdPiAdJta3Q4lSPNxMw"},"fileId":"3douK3CCVPTrjvmtFFIN6F"}},{"__type__":"cc.Node","_name":"New Sprite(Splash)","_parent":{"__id__":1},"_components":[{"__type__":"cc.Sprite","node":{"__id__":2},"_spriteFrame":{"__uuid__":"a2MjXRFdtLlYQ5ouAFv/+R"},"_sizeMode":0}],"_prefab":{"__type__":"cc.PrefabInfo","root":{"__id__":1},"asset":{"__uuid__":"faexdPiAdJta3Q4lSPNxMw"},"fileId":"62wVURKg1HEKVh23B+RIco"},"_contentSize":{"__type__":"cc.Size","width":750,"height":1334}},{"__type__":"cc.Node","_name":"housebg","_parent":{"__id__":1},"_children":[{"__id__":4},{"__id__":8},{"__id__":9},{"__id__":10}],"_prefab":{"__type__":"cc.PrefabInfo","root":{"__id__":1},"asset":{"__uuid__":"faexdPiAdJta3Q4lSPNxMw"},"fileId":"53wG64U6BJ7pVid3lqUBdN"},"_contentSize":{"__type__":"cc.Size","width":750,"height":1334}},{"__type__":"cc.Node","_name":"House","_parent":{"__id__":3},"_children":[{"__id__":5}],"_components":[{"__id__":7}],"_prefab":{"__type__":"cc.PrefabInfo","root":{"__id__":1},"asset":{"__uuid__":"faexdPiAdJta3Q4lSPNxMw"},"fileId":"dcaBz4DeJEKZHTPN9TEqYw"},"_color":{"__type__":"cc.Color","r":184,"g":184,"b":184},"_anchorPoint":{"__type__":"cc.Vec2","x":0.5,"y":1},"_contentSize":{"__type__":"cc.Size","width":750,"height":250},"_position":{"__type__":"cc.Vec2","y":483}},{"__type__":"cc.Node","_name":"view","_parent":{"__id__":4},"_children":[{"__id__":6}],"_components":[{"__type__":"cc.Mask","node":{"__id__":5},"_enabled":false}],"_prefab":{"__type__":"cc.PrefabInfo","root":{"__id__":1},"asset":{"__uuid__":"faexdPiAdJta3Q4lSPNxMw"},"fileId":"d6i6thJWFCcqoe0YB2sJXv"},"_anchorPoint":{"__type__":"cc.Vec2","x":0.5,"y":1},"_contentSize":{"__type__":"cc.Size","width":750,"height":1000}},{"__type__":"cc.Node","_name":"content","_parent":{"__id__":5},"_components":[{"__type__":"cc.Layout","node":{"__id__":6},"_layoutSize":{"__type__":"cc.Size","width":750,"height":1750},"_N$layoutType":2}],"_prefab":{"__type__":"cc.PrefabInfo","root":{"__id__":1},"asset":{"__uuid__":"faexdPiAdJta3Q4lSPNxMw"},"fileId":"9ew7uLTgJIOLQboVJWqBGF"},"_anchorPoint":{"__type__":"cc.Vec2","x":0.5,"y":1},"_contentSize":{"__type__":"cc.Size","width":750,"height":1750}},{"__type__":"cc.ScrollView","node":{"__id__":4},"content":{"__id__":6},"horizontal":false,"brake":0.75,"bounceDuration":0.23,"_N$horizontalScrollBar":null,"_N$verticalScrollBar":null},{"__type__":"cc.Node","_name":"bg-top","_parent":{"__id__":3},"_components":[{"__type__":"cc.Sprite","node":{"__id__":8},"_spriteFrame":{"__uuid__":"9d25YYgOlEgqle1VBigrJP"},"_type":1,"_sizeMode":0}],"_prefab":{"__type__":"cc.PrefabInfo","root":{"__id__":1},"asset":{"__uuid__":"faexdPiAdJta3Q4lSPNxMw"},"fileId":"86OyHZO49MwYT3vGdIAQIk"},"_anchorPoint":{"__type__":"cc.Vec2","x":0.5},"_contentSize":{"__type__":"cc.Size","width":750,"height":200},"_position":{"__type__":"cc.Vec2","y":472}},{"__type__":"cc.Node","_name":"bton","_parent":{"__id__":3},"_components":[{"__type__":"cc.Sprite","node":{"__id__":9},"_spriteFrame":{"__uuid__":"a0HkZDXYdJRY7KwsHZBuQ6"},"_type":1,"_sizeMode":0}],"_prefab":{"__type__":"cc.PrefabInfo","root":{"__id__":1},"asset":{"__uuid__":"faexdPiAdJta3Q4lSPNxMw"},"fileId":"2bcyj8FflP0Z72Wa1jOxjK"},"_anchorPoint":{"__type__":"cc.Vec2","x":0.5,"y":1},"_contentSize":{"__type__":"cc.Size","width":750,"height":180},"_position":{"__type__":"cc.Vec2","y":-495}},{"__type__":"cc.Node","_name":"New Node","_parent":{"__id__":3},"_children":[{"__id__":11},{"__id__":12},{"__id__":13},{"__id__":15},{"__id__":16}],"_prefab":{"__type__":"cc.PrefabInfo","root":{"__id__":1},"asset":{"__uuid__":"faexdPiAdJta3Q4lSPNxMw"},"fileId":"d25JV6TDxBb51fVkukXIs0"}},{"__type__":"cc.Node","_name":"medati","_parent":{"__id__":10},"_components":[{"__type__":"cc.Label","node":{"__id__":11},"_useOriginalSize":false,"_actualFontSize":60,"_fontSize":60,"_lineHeight":60,"_N$file":{"__uuid__":"3eFj6hgqlMFJZ+Ky2eVYla"},"_isSystemFontUsed":false,"_N$string":"售楼部"}],"_prefab":{"__type__":"cc.PrefabInfo","root":{"__id__":1},"asset":{"__uuid__":"faexdPiAdJta3Q4lSPNxMw"},"fileId":"75CwY1h9dBiJLvy+00Ex5f"},"_contentSize":{"__type__":"cc.Size","width":180,"height":60},"_position":{"__type__":"cc.Vec2","y":610}},{"__type__":"cc.Node","_name":"medati","_parent":{"__id__":10},"_components":[{"__type__":"cc.Label","node":{"__id__":12},"_useOriginalSize":false,"_actualFontSize":60,"_fontSize":60,"_lineHeight":60,"_N$file":{"__uuid__":"3eFj6hgqlMFJZ+Ky2eVYla"},"_isSystemFontUsed":false,"_N$string":"可用资金:"}],"_prefab":{"__type__":"cc.PrefabInfo","root":{"__id__":1},"asset":{"__uuid__":"faexdPiAdJta3Q4lSPNxMw"},"fileId":"68W6RJqgRKW7E2cyQbBoEv"},"_contentSize":{"__type__":"cc.Size","width":260.04,"height":60},"_position":{"__type__":"cc.Vec2","x":-227,"y":534}},{"__type__":"cc.Node","_name":"label_Money","_parent":{"__id__":10},"_components":[{"__id__":14}],"_prefab":{"__type__":"cc.PrefabInfo","root":{"__id__":1},"asset":{"__uuid__":"faexdPiAdJta3Q4lSPNxMw"},"fileId":"ddX2OgaoJBy5pCxOQXw1y4"},"_anchorPoint":{"__type__":"cc.Vec2","y":0.5},"_contentSize":{"__type__":"cc.Size","width":85.43,"height":60},"_position":{"__type__":"cc.Vec2","x":-73,"y":534}},{"__type__":"cc.Label","node":{"__id__":13},"_useOriginalSize":false,"_actualFontSize":60,"_fontSize":60,"_lineHeight":60,"_N$file":{"__uuid__":"3eFj6hgqlMFJZ+Ky2eVYla"},"_isSystemFontUsed":false,"_N$string":"666"},{"__type__":"cc.Node","_name":"Btn_Buy","_parent":{"__id__":10},"_components":[{"__type__":"cc.Label","node":{"__id__":15},"_useOriginalSize":false,"_actualFontSize":60,"_fontSize":60,"_lineHeight":60,"_N$file":{"__uuid__":"3eFj6hgqlMFJZ+Ky2eVYla"},"_isSystemFontUsed":false,"_N$string":"购买"}],"_prefab":{"__type__":"cc.PrefabInfo","root":{"__id__":1},"asset":{"__uuid__":"faexdPiAdJta3Q4lSPNxMw"},"fileId":"19MZx0E/lA6ort4ImTxVvs"},"_contentSize":{"__type__":"cc.Size","width":120,"height":60},"_position":{"__type__":"cc.Vec2","x":-224,"y":-596}},{"__type__":"cc.Node","_name":"Btn_Cancel","_parent":{"__id__":10},"_components":[{"__type__":"cc.Label","node":{"__id__":16},"_useOriginalSize":false,"_actualFontSize":60,"_fontSize":60,"_lineHeight":60,"_N$file":{"__uuid__":"3eFj6hgqlMFJZ+Ky2eVYla"},"_isSystemFontUsed":false,"_N$string":"离开"}],"_prefab":{"__type__":"cc.PrefabInfo","root":{"__id__":1},"asset":{"__uuid__":"faexdPiAdJta3Q4lSPNxMw"},"fileId":"73GM1IGiJM+7//ZnwNwFbg"},"_contentSize":{"__type__":"cc.Size","width":120,"height":60},"_position":{"__type__":"cc.Vec2","x":238,"y":-596}}]]