[{"__type__":"cc.SpriteFrame","content":{"name":"line","texture":"25svrxPkdAT7YdHW24l9zk","rect":[0,4,1334,17],"offset":[0,-2],"originalSize":[1334,21]}},{"__type__":"cc.SpriteFrame","content":{"name":"button","texture":"d6l+ZJLhNLALWPn0H/ko9a","rect":[0,0,171,57],"offset":[0,0],"originalSize":[171,57]}},{"__type__":"cc.SpriteFrame","content":{"name":"img","texture":"98q3d5bwNHppLdpldy8Iv2","rect":[6,6,128,112],"offset":[2,-3],"originalSize":[136,118],"capInsets":[25,26,37,32]}},[{"__type__":"cc.Prefab","_name":"Tip_Bank","data":{"__id__":1},"asyncLoadAssets":null},{"__type__":"cc.Node","_name":"Tip_Bank","_children":[{"__id__":2}],"_components":[{"__type__":"bf86clJyS5B6qTfqpQiHP4v","node":{"__id__":1},"ArrButton":[{"__id__":6},{"__id__":8},{"__id__":10}]}],"_prefab":{"__type__":"cc.PrefabInfo","root":{"__id__":1},"asset":{"__uuid__":"feL6etwfRDb55fqsds9d3L"},"fileId":"81POWXM0xHvKudgO0rEJXJ"}},{"__type__":"cc.Node","_name":"img","_parent":{"__id__":1},"_children":[{"__id__":3},{"__id__":4},{"__id__":5},{"__id__":6},{"__id__":8},{"__id__":10}],"_components":[{"__type__":"cc.Sprite","node":{"__id__":2},"_spriteFrame":{"__uuid__":"5aZkzzNH1EHZvMqgPI6/Mv"},"_type":1,"_sizeMode":0}],"_prefab":{"__type__":"cc.PrefabInfo","root":{"__id__":1},"asset":{"__uuid__":"feL6etwfRDb55fqsds9d3L"},"fileId":"99o9XJgfpAxLHjAp7TNc1J"},"_contentSize":{"__type__":"cc.Size","width":500,"height":250},"_position":{"__type__":"cc.Vec2","x":-30,"y":47}},{"__type__":"cc.Node","_name":"line","_parent":{"__id__":2},"_components":[{"__type__":"cc.Sprite","node":{"__id__":3},"_spriteFrame":{"__uuid__":"433/lsU9ND079ZoYDB+WYh"},"_sizeMode":0}],"_prefab":{"__type__":"cc.PrefabInfo","root":{"__id__":1},"asset":{"__uuid__":"feL6etwfRDb55fqsds9d3L"},"fileId":"b4Wpb0vmlIhra4siwcI0mo"},"_contentSize":{"__type__":"cc.Size","width":490,"height":5},"_position":{"__type__":"cc.Vec2","x":-3,"y":55}},{"__type__":"cc.Node","_name":"Label_Medati","_parent":{"__id__":2},"_components":[{"__type__":"cc.Label","node":{"__id__":4},"_useOriginalSize":false,"_N$file":{"__uuid__":"3eFj6hgqlMFJZ+Ky2eVYla"},"_isSystemFontUsed":false,"_N$string":"财政操作","_N$horizontalAlign":1,"_N$verticalAlign":1}],"_prefab":{"__type__":"cc.PrefabInfo","root":{"__id__":1},"asset":{"__uuid__":"feL6etwfRDb55fqsds9d3L"},"fileId":"bb9IU1ij5FHa6DytXCKeij"},"_color":{"__type__":"cc.Color"},"_anchorPoint":{"__type__":"cc.Vec2","y":0.5},"_contentSize":{"__type__":"cc.Size","width":160,"height":40},"_position":{"__type__":"cc.Vec2","x":-78,"y":87}},{"__type__":"cc.Node","_name":"Label_Medati","_parent":{"__id__":2},"_components":[{"__type__":"cc.Label","node":{"__id__":5},"_useOriginalSize":false,"_N$file":{"__uuid__":"3eFj6hgqlMFJZ+Ky2eVYla"},"_isSystemFontUsed":false,"_N$string":"打算要干什么？","_N$horizontalAlign":1,"_N$verticalAlign":1}],"_prefab":{"__type__":"cc.PrefabInfo","root":{"__id__":1},"asset":{"__uuid__":"feL6etwfRDb55fqsds9d3L"},"fileId":"413D+8a+lKyYqrA/F1iprb"},"_color":{"__type__":"cc.Color"},"_anchorPoint":{"__type__":"cc.Vec2","y":0.5},"_contentSize":{"__type__":"cc.Size","width":280,"height":40},"_position":{"__type__":"cc.Vec2","x":-232,"y":6}},{"__type__":"cc.Node","_name":"Deposit","_parent":{"__id__":2},"_children":[{"__id__":7}],"_components":[{"__type__":"cc.Sprite","node":{"__id__":6},"_spriteFrame":{"__uuid__":"57USO9X3xBhrOinAApTnVl"},"_sizeMode":0}],"_prefab":{"__type__":"cc.PrefabInfo","root":{"__id__":1},"asset":{"__uuid__":"feL6etwfRDb55fqsds9d3L"},"fileId":"d4ETNzmwNFTrNe+wZgO90f"},"_contentSize":{"__type__":"cc.Size","width":120,"height":57},"_position":{"__type__":"cc.Vec2","x":-162,"y":-81}},{"__type__":"cc.Node","_name":"medati","_parent":{"__id__":6},"_components":[{"__type__":"cc.Label","node":{"__id__":7},"_useOriginalSize":false,"_N$file":{"__uuid__":"3eFj6hgqlMFJZ+Ky2eVYla"},"_isSystemFontUsed":false,"_N$string":"存款"}],"_prefab":{"__type__":"cc.PrefabInfo","root":{"__id__":1},"asset":{"__uuid__":"feL6etwfRDb55fqsds9d3L"},"fileId":"f5KDbDdmFPpIPWxn703EBp"},"_color":{"__type__":"cc.Color"},"_contentSize":{"__type__":"cc.Size","width":80,"height":40}},{"__type__":"cc.Node","_name":"Withdrawal","_parent":{"__id__":2},"_children":[{"__id__":9}],"_components":[{"__type__":"cc.Sprite","node":{"__id__":8},"_spriteFrame":{"__uuid__":"57USO9X3xBhrOinAApTnVl"},"_sizeMode":0}],"_prefab":{"__type__":"cc.PrefabInfo","root":{"__id__":1},"asset":{"__uuid__":"feL6etwfRDb55fqsds9d3L"},"fileId":"5cw60G8ftDyK7WpZmnsDAG"},"_contentSize":{"__type__":"cc.Size","width":120,"height":57},"_position":{"__type__":"cc.Vec2","x":-2,"y":-81}},{"__type__":"cc.Node","_name":"medati","_parent":{"__id__":8},"_components":[{"__type__":"cc.Label","node":{"__id__":9},"_useOriginalSize":false,"_N$file":{"__uuid__":"3eFj6hgqlMFJZ+Ky2eVYla"},"_isSystemFontUsed":false,"_N$string":"取款"}],"_prefab":{"__type__":"cc.PrefabInfo","root":{"__id__":1},"asset":{"__uuid__":"feL6etwfRDb55fqsds9d3L"},"fileId":"85eTw7i71BgppawC3KeFnr"},"_color":{"__type__":"cc.Color"},"_contentSize":{"__type__":"cc.Size","width":80,"height":40}},{"__type__":"cc.Node","_name":"btn_Leave","_parent":{"__id__":2},"_children":[{"__id__":11}],"_components":[{"__type__":"cc.Sprite","node":{"__id__":10},"_spriteFrame":{"__uuid__":"57USO9X3xBhrOinAApTnVl"},"_sizeMode":0}],"_prefab":{"__type__":"cc.PrefabInfo","root":{"__id__":1},"asset":{"__uuid__":"feL6etwfRDb55fqsds9d3L"},"fileId":"81B9AUV9NKUKHgTb9yjXET"},"_contentSize":{"__type__":"cc.Size","width":120,"height":57},"_position":{"__type__":"cc.Vec2","x":160,"y":-81}},{"__type__":"cc.Node","_name":"medati","_parent":{"__id__":10},"_components":[{"__type__":"cc.Label","node":{"__id__":11},"_useOriginalSize":false,"_N$file":{"__uuid__":"3eFj6hgqlMFJZ+Ky2eVYla"},"_isSystemFontUsed":false,"_N$string":"离开"}],"_prefab":{"__type__":"cc.PrefabInfo","root":{"__id__":1},"asset":{"__uuid__":"feL6etwfRDb55fqsds9d3L"},"fileId":"e7HAMzKjJD1rnSGRG7J8n3"},"_color":{"__type__":"cc.Color"},"_contentSize":{"__type__":"cc.Size","width":80,"height":40}}]]