[{"__type__":"cc.SpriteFrame","content":{"name":"default_btn_disabled","texture":"71VhFCTINJM6/Ky3oX9nBT","rect":[0,0,40,40],"offset":[0,0],"originalSize":[40,40],"capInsets":[15,7,15,9]}},{"__type__":"cc.SpriteFrame","content":{"name":"line","texture":"25svrxPkdAT7YdHW24l9zk","rect":[0,4,1334,17],"offset":[0,-2],"originalSize":[1334,21]}},{"__type__":"cc.SpriteFrame","content":{"name":"button","texture":"d6l+ZJLhNLALWPn0H/ko9a","rect":[0,0,171,57],"offset":[0,0],"originalSize":[171,57]}},{"__type__":"cc.SpriteFrame","content":{"name":"img","texture":"98q3d5bwNHppLdpldy8Iv2","rect":[6,6,128,112],"offset":[2,-3],"originalSize":[136,118],"capInsets":[25,26,37,32]}},{"__type__":"cc.SpriteFrame","content":{"name":"default_sprite_splash","texture":"02delMVqdBD70a/HSD99FK","rect":[0,0,2,2],"offset":[0,0],"originalSize":[2,2]}},{"__type__":"cc.SpriteFrame","content":{"name":"kuang","texture":"c1vozRnuxAGLnStKrYnRF7","rect":[0,0,67,28],"offset":[-1,0.5],"originalSize":[69,29],"capInsets":[12,8,12,8]}},[{"__type__":"cc.Prefab","_name":"Tip_Buy","data":{"__id__":1},"asyncLoadAssets":null},{"__type__":"cc.Node","_name":"Tip_Buy","_children":[{"__id__":2},{"__id__":3},{"__id__":4},{"__id__":5},{"__id__":17}],"_components":[{"__type__":"cc.Sprite","node":{"__id__":1},"_spriteFrame":{"__uuid__":"5aZkzzNH1EHZvMqgPI6/Mv"},"_sizeMode":0},{"__type__":"57063BZJxVCsJKUpSikbOcI","node":{"__id__":1},"ArrButton":[{"__id__":11},{"__id__":13}],"ArrLabel":[{"__id__":16},{"__id__":18}],"ArrEditsBox":[{"__id__":9}]}],"_prefab":{"__type__":"cc.PrefabInfo","root":{"__id__":1},"asset":{"__uuid__":"d6e9WnCZdGA7K3DRLtX+jZ"},"fileId":"e8qL3I5XdJm5x3l5oGFbC3"},"_contentSize":{"__type__":"cc.Size","width":600,"height":500},"_position":{"__type__":"cc.Vec2","x":21}},{"__type__":"cc.Node","_name":"New Sprite(Splash)","_parent":{"__id__":1},"_components":[{"__type__":"cc.Sprite","node":{"__id__":2},"_spriteFrame":{"__uuid__":"a2MjXRFdtLlYQ5ouAFv/+R"},"_sizeMode":0}],"_prefab":{"__type__":"cc.PrefabInfo","root":{"__id__":1},"asset":{"__uuid__":"d6e9WnCZdGA7K3DRLtX+jZ"},"fileId":"02XhFgtQ5BObTIGXjMtTbT"},"_opacity":45,"_color":{"__type__":"cc.Color"},"_contentSize":{"__type__":"cc.Size","width":750,"height":1334},"_position":{"__type__":"cc.Vec2","x":-22}},{"__type__":"cc.Node","_name":"TipTitle","_parent":{"__id__":1},"_components":[{"__type__":"cc.Label","node":{"__id__":3},"_useOriginalSize":false,"_actualFontSize":60,"_fontSize":60,"_lineHeight":60,"_N$file":{"__uuid__":"3eFj6hgqlMFJZ+Ky2eVYla"},"_isSystemFontUsed":false,"_N$string":"交易"}],"_prefab":{"__type__":"cc.PrefabInfo","root":{"__id__":1},"asset":{"__uuid__":"d6e9WnCZdGA7K3DRLtX+jZ"},"fileId":"491bi0h4tJopBlCUXz42h+"},"_color":{"__type__":"cc.Color"},"_contentSize":{"__type__":"cc.Size","width":120,"height":60},"_position":{"__type__":"cc.Vec2","x":-23,"y":212}},{"__type__":"cc.Node","_name":"line","_parent":{"__id__":1},"_components":[{"__type__":"cc.Sprite","node":{"__id__":4},"_spriteFrame":{"__uuid__":"433/lsU9ND079ZoYDB+WYh"},"_sizeMode":0}],"_prefab":{"__type__":"cc.PrefabInfo","root":{"__id__":1},"asset":{"__uuid__":"d6e9WnCZdGA7K3DRLtX+jZ"},"fileId":"e9asIrU2ZD34S/+85nYXAj"},"_contentSize":{"__type__":"cc.Size","width":550,"height":4},"_position":{"__type__":"cc.Vec2","x":-13,"y":150}},{"__type__":"cc.Node","_name":"BuyInNode","_parent":{"__id__":1},"_children":[{"__id__":6},{"__id__":7},{"__id__":10},{"__id__":11},{"__id__":13},{"__id__":15}],"_prefab":{"__type__":"cc.PrefabInfo","root":{"__id__":1},"asset":{"__uuid__":"d6e9WnCZdGA7K3DRLtX+jZ"},"fileId":"5c3nR1hTxP3JJfua4Fy3xN"}},{"__type__":"cc.Node","_name":"New Sprite","_parent":{"__id__":5},"_components":[{"__type__":"cc.Label","node":{"__id__":6},"_useOriginalSize":false,"_actualFontSize":60,"_fontSize":60,"_lineHeight":60,"_N$file":{"__uuid__":"3eFj6hgqlMFJZ+Ky2eVYla"},"_isSystemFontUsed":false,"_N$string":"买入"}],"_prefab":{"__type__":"cc.PrefabInfo","root":{"__id__":1},"asset":{"__uuid__":"d6e9WnCZdGA7K3DRLtX+jZ"},"fileId":"5auRpcu1hH7LvC7VWmuXlF"},"_color":{"__type__":"cc.Color"},"_contentSize":{"__type__":"cc.Size","width":120,"height":60},"_position":{"__type__":"cc.Vec2","x":-201,"y":42}},{"__type__":"cc.Node","_name":"kuang","_parent":{"__id__":5},"_children":[{"__id__":8}],"_components":[{"__type__":"cc.Sprite","node":{"__id__":7},"_spriteFrame":{"__uuid__":"a7/N6CgTdEPoAKT5tSEyIm"},"_type":1,"_sizeMode":0}],"_prefab":{"__type__":"cc.PrefabInfo","root":{"__id__":1},"asset":{"__uuid__":"d6e9WnCZdGA7K3DRLtX+jZ"},"fileId":"64UZdZ/5NERrBU1tse2A35"},"_contentSize":{"__type__":"cc.Size","width":250,"height":65},"_position":{"__type__":"cc.Vec2","x":-5,"y":41}},{"__type__":"cc.Node","_name":"edit_buynum","_parent":{"__id__":7},"_components":[{"__id__":9}],"_prefab":{"__type__":"cc.PrefabInfo","root":{"__id__":1},"asset":{"__uuid__":"d6e9WnCZdGA7K3DRLtX+jZ"},"fileId":"29adBA/oVHLqtuw0/PTPyL"},"_anchorPoint":{"__type__":"cc.Vec2","y":0.5},"_contentSize":{"__type__":"cc.Size","width":220,"height":40},"_position":{"__type__":"cc.Vec2","x":-117}},{"__type__":"cc.EditBox","node":{"__id__":8},"_useOriginalSize":false,"_N$inputMode":6,"_N$fontSize":37,"_N$lineHeight":45,"_N$fontColor":{"__type__":"cc.Color"},"_N$placeholder":"请输入购买数量","_N$placeholderFontSize":30,"_N$maxLength":8},{"__type__":"cc.Node","_name":"ge","_parent":{"__id__":5},"_components":[{"__type__":"cc.Label","node":{"__id__":10},"_useOriginalSize":false,"_actualFontSize":60,"_fontSize":60,"_lineHeight":60,"_N$file":{"__uuid__":"3eFj6hgqlMFJZ+Ky2eVYla"},"_isSystemFontUsed":false,"_N$string":"个"}],"_prefab":{"__type__":"cc.PrefabInfo","root":{"__id__":1},"asset":{"__uuid__":"d6e9WnCZdGA7K3DRLtX+jZ"},"fileId":"f2K/f4ybRBSavJmSz9FMpd"},"_color":{"__type__":"cc.Color"},"_contentSize":{"__type__":"cc.Size","width":60,"height":60},"_position":{"__type__":"cc.Vec2","x":179,"y":41}},{"__type__":"cc.Node","_name":"OK","_parent":{"__id__":5},"_children":[{"__id__":12}],"_components":[{"__type__":"cc.Sprite","node":{"__id__":11},"_spriteFrame":{"__uuid__":"57USO9X3xBhrOinAApTnVl"},"_type":1,"_sizeMode":0},{"__type__":"cc.Button","node":{"__id__":11},"transition":2,"pressedColor":{"__type__":"cc.Color","r":255,"g":255,"b":255},"pressedSprite":{"__uuid__":"e97GVMl6JHh5Ml5qEDdSGa"},"hoverSprite":{"__uuid__":"e97GVMl6JHh5Ml5qEDdSGa"},"_N$normalColor":{"__type__":"cc.Color","r":255,"g":255,"b":255},"_N$disabledColor":{"__type__":"cc.Color","r":255,"g":255,"b":255},"_N$normalSprite":{"__uuid__":"57USO9X3xBhrOinAApTnVl"},"_N$disabledSprite":{"__uuid__":"29FYIk+N1GYaeWH/q1NxQO"},"_N$target":{"__id__":11}}],"_prefab":{"__type__":"cc.PrefabInfo","root":{"__id__":1},"asset":{"__uuid__":"d6e9WnCZdGA7K3DRLtX+jZ"},"fileId":"12lYSL5rJNgZv9YXRbpsEz"},"_contentSize":{"__type__":"cc.Size","width":160,"height":80},"_position":{"__type__":"cc.Vec2","x":127,"y":-132}},{"__type__":"cc.Node","_name":"quding","_parent":{"__id__":11},"_components":[{"__type__":"cc.Label","node":{"__id__":12},"_useOriginalSize":false,"_actualFontSize":50,"_fontSize":50,"_lineHeight":50,"_N$file":{"__uuid__":"3eFj6hgqlMFJZ+Ky2eVYla"},"_isSystemFontUsed":false,"_N$string":"确定"}],"_prefab":{"__type__":"cc.PrefabInfo","root":{"__id__":1},"asset":{"__uuid__":"d6e9WnCZdGA7K3DRLtX+jZ"},"fileId":"72gVO0k+BFLoxo2pI/LUNI"},"_color":{"__type__":"cc.Color"},"_contentSize":{"__type__":"cc.Size","width":100,"height":50}},{"__type__":"cc.Node","_name":"Cancel","_parent":{"__id__":5},"_children":[{"__id__":14}],"_components":[{"__type__":"cc.Sprite","node":{"__id__":13},"_spriteFrame":{"__uuid__":"57USO9X3xBhrOinAApTnVl"},"_type":1,"_sizeMode":0},{"__type__":"cc.Button","node":{"__id__":13},"transition":2,"pressedColor":{"__type__":"cc.Color","r":255,"g":255,"b":255},"pressedSprite":{"__uuid__":"e97GVMl6JHh5Ml5qEDdSGa"},"hoverSprite":{"__uuid__":"e97GVMl6JHh5Ml5qEDdSGa"},"_N$normalColor":{"__type__":"cc.Color","r":255,"g":255,"b":255},"_N$disabledColor":{"__type__":"cc.Color","r":255,"g":255,"b":255},"_N$normalSprite":{"__uuid__":"57USO9X3xBhrOinAApTnVl"},"_N$disabledSprite":{"__uuid__":"29FYIk+N1GYaeWH/q1NxQO"},"_N$target":{"__id__":13}}],"_prefab":{"__type__":"cc.PrefabInfo","root":{"__id__":1},"asset":{"__uuid__":"d6e9WnCZdGA7K3DRLtX+jZ"},"fileId":"30H6u3/D1BCYtcU+VIKLlo"},"_contentSize":{"__type__":"cc.Size","width":160,"height":80},"_position":{"__type__":"cc.Vec2","x":-162,"y":-132}},{"__type__":"cc.Node","_name":"quding","_parent":{"__id__":13},"_components":[{"__type__":"cc.Label","node":{"__id__":14},"_useOriginalSize":false,"_actualFontSize":50,"_fontSize":50,"_lineHeight":50,"_N$file":{"__uuid__":"3eFj6hgqlMFJZ+Ky2eVYla"},"_isSystemFontUsed":false,"_N$string":"取消"}],"_prefab":{"__type__":"cc.PrefabInfo","root":{"__id__":1},"asset":{"__uuid__":"d6e9WnCZdGA7K3DRLtX+jZ"},"fileId":"6bOGJQCetForIQkgqHGlTp"},"_color":{"__type__":"cc.Color"},"_contentSize":{"__type__":"cc.Size","width":100,"height":50}},{"__type__":"cc.Node","_name":"label_Hint","_parent":{"__id__":5},"_components":[{"__id__":16}],"_prefab":{"__type__":"cc.PrefabInfo","root":{"__id__":1},"asset":{"__uuid__":"d6e9WnCZdGA7K3DRLtX+jZ"},"fileId":"c1aEaDWhBM6YL+acbxpPAJ"},"_color":{"__type__":"cc.Color","r":255},"_contentSize":{"__type__":"cc.Size","width":350,"height":50},"_position":{"__type__":"cc.Vec2","y":-48}},{"__type__":"cc.Label","node":{"__id__":15},"_useOriginalSize":false,"_actualFontSize":50,"_fontSize":50,"_lineHeight":50,"_N$file":{"__uuid__":"3eFj6hgqlMFJZ+Ky2eVYla"},"_isSystemFontUsed":false,"_N$string":"您的余额不足！"},{"__type__":"cc.Node","_name":"ProductName","_parent":{"__id__":1},"_components":[{"__id__":18}],"_prefab":{"__type__":"cc.PrefabInfo","root":{"__id__":1},"asset":{"__uuid__":"d6e9WnCZdGA7K3DRLtX+jZ"},"fileId":"b4Vq2LKB1H1bw9mvFXppcf"},"_color":{"__type__":"cc.Color"},"_contentSize":{"__type__":"cc.Size","width":100,"height":50},"_position":{"__type__":"cc.Vec2","x":-19,"y":111}},{"__type__":"cc.Label","node":{"__id__":17},"_useOriginalSize":false,"_actualFontSize":50,"_fontSize":50,"_lineHeight":50,"_N$file":{"__uuid__":"3eFj6hgqlMFJZ+Ky2eVYla"},"_isSystemFontUsed":false,"_N$string":"奶粉","_N$horizontalAlign":1,"_N$verticalAlign":1}],{"__type__":"cc.SpriteFrame","content":{"name":"default_btn_pressed","texture":"b4P/PCArtIdIH38t6mlw8Y","rect":[0,0,40,40],"offset":[0,0],"originalSize":[40,40],"capInsets":[11,11,11,7]}}]