[[{"__type__":"cc.Prefab","_name":"ButtonClick","data":{"__id__":1},"asyncLoadAssets":null},{"__type__":"cc.Node","_name":"ButtonClick","_children":[{"__id__":2}],"_components":[{"__type__":"cc.Sprite","node":{"__id__":1},"_spriteFrame":{"__uuid__":"57USO9X3xBhrOinAApTnVl"},"_type":1,"_sizeMode":0},{"__type__":"cf783/qdW5FPJKV7McoYO0a","node":{"__id__":1},"_N$target":{"__id__":1}}],"_prefab":{"__type__":"cc.PrefabInfo","root":{"__id__":1},"asset":{"__uuid__":"44KZkWmDJBJrqKd0ItQniN"},"fileId":"83cedEgYhMoZe/VKeQy+Te"},"_contentSize":{"__type__":"cc.Size","width":200,"height":60},"_position":{"__type__":"cc.Vec2","y":-361}},{"__type__":"cc.Node","_name":"start","_parent":{"__id__":1},"_components":[{"__type__":"cc.Sprite","node":{"__id__":2},"_sizeMode":0}],"_prefab":{"__type__":"cc.PrefabInfo","root":{"__id__":1},"asset":{"__uuid__":"44KZkWmDJBJrqKd0ItQniN"},"fileId":"bfJ6x+AqNPS481y4IY7Asu"},"_contentSize":{"__type__":"cc.Size","width":120,"height":35}}],{"__type__":"cc.SpriteFrame","content":{"name":"button","texture":"d6l+ZJLhNLALWPn0H/ko9a","rect":[0,0,171,57],"offset":[0,0],"originalSize":[171,57]}}]