[{"__type__":"cc.SpriteFrame","content":{"name":"button1","texture":"68M/21xMlFw6wWdzWK6uwr","rect":[8,7,495,70],"offset":[0.5,0.5],"originalSize":[510,85],"capInsets":[162,30,150,30]}},[{"__type__":"cc.Prefab","_name":"Unit_Product","data":{"__id__":1},"asyncLoadAssets":null},{"__type__":"cc.Node","_name":"Unit_Product","_children":[{"__id__":2},{"__id__":4},{"__id__":6},{"__id__":7}],"_components":[{"__type__":"f5383L0RodBsKzwcd2N4QnI","node":{"__id__":1},"ProductName":{"__id__":3},"ProductPrice":{"__id__":5},"ProductNum":{"__id__":8}}],"_prefab":{"__type__":"cc.PrefabInfo","root":{"__id__":1},"asset":{"__uuid__":"721TalBchOlLAb/G3ol0gs"},"fileId":"ffR1DTLQJBR6vgzQsrCN/6"},"_anchorPoint":{"__type__":"cc.Vec2","y":0.5},"_contentSize":{"__type__":"cc.Size","width":350,"height":50},"_position":{"__type__":"cc.Vec2","y":-25}},{"__type__":"cc.Node","_name":"ProductName","_parent":{"__id__":1},"_components":[{"__id__":3}],"_prefab":{"__type__":"cc.PrefabInfo","root":{"__id__":1},"asset":{"__uuid__":"721TalBchOlLAb/G3ol0gs"},"fileId":"25d+lqFC9DaKo0R07b+ENv"},"_color":{"__type__":"cc.Color"},"_anchorPoint":{"__type__":"cc.Vec2","y":0.5},"_contentSize":{"__type__":"cc.Size","height":30},"_position":{"__type__":"cc.Vec2","x":11}},{"__type__":"cc.Label","node":{"__id__":2},"_useOriginalSize":false,"_actualFontSize":30,"_fontSize":30,"_lineHeight":30,"_N$file":{"__uuid__":"3eFj6hgqlMFJZ+Ky2eVYla"},"_isSystemFontUsed":false,"_N$string":""},{"__type__":"cc.Node","_name":"Price","_parent":{"__id__":1},"_components":[{"__id__":5}],"_prefab":{"__type__":"cc.PrefabInfo","root":{"__id__":1},"asset":{"__uuid__":"721TalBchOlLAb/G3ol0gs"},"fileId":"c3y2/dixpBlbZ0hXL4+jrf"},"_color":{"__type__":"cc.Color"},"_anchorPoint":{"__type__":"cc.Vec2","x":1,"y":0.5},"_contentSize":{"__type__":"cc.Size","height":35},"_position":{"__type__":"cc.Vec2","x":337}},{"__type__":"cc.Label","node":{"__id__":4},"_useOriginalSize":false,"_actualFontSize":35,"_fontSize":35,"_lineHeight":35,"_N$file":{"__uuid__":"3eFj6hgqlMFJZ+Ky2eVYla"},"_isSystemFontUsed":false,"_N$string":""},{"__type__":"cc.Node","_name":"button1","_parent":{"__id__":1},"_components":[{"__type__":"cc.Sprite","node":{"__id__":6},"_spriteFrame":{"__uuid__":"2cGJgU4edLFoFH2NebdnfW"},"_sizeMode":0}],"_prefab":{"__type__":"cc.PrefabInfo","root":{"__id__":1},"asset":{"__uuid__":"721TalBchOlLAb/G3ol0gs"},"fileId":"28kWiRw/hAN7xnOwVRy9nj"},"_anchorPoint":{"__type__":"cc.Vec2","y":0.5},"_contentSize":{"__type__":"cc.Size","width":350,"height":50}},{"__type__":"cc.Node","_name":"label_count","_parent":{"__id__":1},"_components":[{"__id__":8}],"_prefab":{"__type__":"cc.PrefabInfo","root":{"__id__":1},"asset":{"__uuid__":"721TalBchOlLAb/G3ol0gs"},"fileId":"60jcGQTLlI/r0QZygcqJZ1"},"_color":{"__type__":"cc.Color"},"_contentSize":{"__type__":"cc.Size","height":30},"_position":{"__type__":"cc.Vec2","x":199,"y":1}},{"__type__":"cc.Label","node":{"__id__":7},"_useOriginalSize":false,"_actualFontSize":30,"_fontSize":30,"_lineHeight":30,"_N$file":{"__uuid__":"3eFj6hgqlMFJZ+Ky2eVYla"},"_isSystemFontUsed":false,"_N$string":"","_N$horizontalAlign":1,"_N$verticalAlign":1}]]