[{"__type__":"cc.SpriteFrame","content":{"name":"default_btn_disabled","texture":"71VhFCTINJM6/Ky3oX9nBT","rect":[0,0,40,40],"offset":[0,0],"originalSize":[40,40],"capInsets":[15,7,15,9]}},[{"__type__":"cc.Prefab","_name":"Tip_News","data":{"__id__":1},"asyncLoadAssets":null},{"__type__":"cc.Node","_name":"Tip_News","_children":[{"__id__":2},{"__id__":3}],"_components":[{"__type__":"55c8biBj21Mcb5OpjR+Od94","node":{"__id__":1},"ArrButton":[{"__id__":2}],"ArrLabel":[{"__id__":6}]}],"_prefab":{"__type__":"cc.PrefabInfo","root":{"__id__":1},"asset":{"__uuid__":"5fWU3DjCZK/4Ubwkh/DHRg"},"fileId":"feHlybk/tLbKhhOIXK0xXQ"}},{"__type__":"cc.Node","_name":"node_shiled","_parent":{"__id__":1},"_components":[{"__type__":"cc.Button","node":{"__id__":2},"pressedColor":{"__type__":"cc.Color","r":255,"g":255,"b":255},"pressedSprite":{"__uuid__":"e97GVMl6JHh5Ml5qEDdSGa"},"hoverSprite":{"__uuid__":"e97GVMl6JHh5Ml5qEDdSGa"},"_N$normalColor":{"__type__":"cc.Color","r":255,"g":255,"b":255},"_N$disabledColor":{"__type__":"cc.Color","r":255,"g":255,"b":255},"_N$normalSprite":{"__uuid__":"f0BIwQ8D5Ml7nTNQbh1YlS"},"_N$disabledSprite":{"__uuid__":"29FYIk+N1GYaeWH/q1NxQO"},"_N$target":{"__id__":2}}],"_prefab":{"__type__":"cc.PrefabInfo","root":{"__id__":1},"asset":{"__uuid__":"5fWU3DjCZK/4Ubwkh/DHRg"},"fileId":"634gFk2ApKB4bR3B5ml28D"},"_contentSize":{"__type__":"cc.Size","width":1500,"height":1500},"_position":{"__type__":"cc.Vec2","y":-7}},{"__type__":"cc.Node","_name":"riji","_parent":{"__id__":1},"_children":[{"__id__":4},{"__id__":5}],"_components":[{"__type__":"cc.Sprite","node":{"__id__":3},"_spriteFrame":{"__uuid__":"84vmiYi/lCTLwYkwta/8Xm"},"_sizeMode":0}],"_prefab":{"__type__":"cc.PrefabInfo","root":{"__id__":1},"asset":{"__uuid__":"5fWU3DjCZK/4Ubwkh/DHRg"},"fileId":"d5K6L4eapASbZVJ8Ysekxb"},"_contentSize":{"__type__":"cc.Size","width":400,"height":500}},{"__type__":"cc.Node","_name":"medati","_parent":{"__id__":3},"_components":[{"__type__":"cc.Label","node":{"__id__":4},"_useOriginalSize":false,"_N$file":{"__uuid__":"3eFj6hgqlMFJZ+Ky2eVYla"},"_isSystemFontUsed":false,"_N$string":"新闻早报"}],"_prefab":{"__type__":"cc.PrefabInfo","root":{"__id__":1},"asset":{"__uuid__":"5fWU3DjCZK/4Ubwkh/DHRg"},"fileId":"9d9p39kFtHUakpDUYt+Ass"},"_color":{"__type__":"cc.Color"},"_contentSize":{"__type__":"cc.Size","width":160,"height":40},"_position":{"__type__":"cc.Vec2","y":181}},{"__type__":"cc.Node","_name":"label_Content","_parent":{"__id__":3},"_components":[{"__id__":6}],"_prefab":{"__type__":"cc.PrefabInfo","root":{"__id__":1},"asset":{"__uuid__":"5fWU3DjCZK/4Ubwkh/DHRg"},"fileId":"95LjiffPNEzI8uGFoXtgP4"},"_color":{"__type__":"cc.Color"},"_anchorPoint":{"__type__":"cc.Vec2","x":0.5,"y":1},"_contentSize":{"__type__":"cc.Size","width":250,"height":70},"_position":{"__type__":"cc.Vec2","y":142}},{"__type__":"cc.Label","node":{"__id__":5},"_useOriginalSize":false,"_actualFontSize":35,"_fontSize":35,"_lineHeight":35,"_N$file":{"__uuid__":"3eFj6hgqlMFJZ+Ky2eVYla"},"_isSystemFontUsed":false,"_N$string":"内容内容内容内容","_N$overflow":3}],{"__type__":"cc.SpriteFrame","content":{"name":"news","texture":"4cCyYuchxJ97DPc7PeGNBs","rect":[0,0,212,285],"offset":[0,0],"originalSize":[212,285]}},{"__type__":"cc.SpriteFrame","content":{"name":"default_btn_pressed","texture":"b4P/PCArtIdIH38t6mlw8Y","rect":[0,0,40,40],"offset":[0,0],"originalSize":[40,40],"capInsets":[11,11,11,7]}},{"__type__":"cc.SpriteFrame","content":{"name":"default_btn_normal","texture":"e8Ueib+qJEhL6mXAHdnwbi","rect":[0,0,40,40],"offset":[0,0],"originalSize":[40,40],"capInsets":[8,11,7,9]}}]