[{"__type__":"cc.SpriteFrame","content":{"name":"line","texture":"25svrxPkdAT7YdHW24l9zk","rect":[0,4,1334,17],"offset":[0,-2],"originalSize":[1334,21]}},{"__type__":"cc.SpriteFrame","content":{"name":"button","texture":"d6l+ZJLhNLALWPn0H/ko9a","rect":[0,0,171,57],"offset":[0,0],"originalSize":[171,57]}},{"__type__":"cc.SpriteFrame","content":{"name":"menubg","texture":"19S1xJODtMm65NmVhBN+ix","rect":[0,0,750,1334],"offset":[0,0],"originalSize":[750,1334]}},{"__type__":"cc.SpriteFrame","content":{"name":"default_sprite_splash","texture":"02delMVqdBD70a/HSD99FK","rect":[0,0,2,2],"offset":[0,0],"originalSize":[2,2]}},{"__type__":"cc.SpriteFrame","content":{"name":"yun","texture":"50Q3jsFlJLepKrvXrj4sL9","rect":[0,0,150,89],"offset":[-4,0],"originalSize":[158,89]}},[{"__type__":"cc.SceneAsset","_name":"StartGame","scene":{"__id__":1},"asyncLoadAssets":null},{"__type__":"cc.Scene","_name":"New Node","_children":[{"__id__":2},{"__id__":84}],"_anchorPoint":{"__type__":"cc.Vec2"},"autoReleaseAssets":null},{"__type__":"cc.Node","_name":"Canvas","_parent":{"__id__":1},"_children":[{"__id__":3}],"_components":[{"__type__":"cc.Canvas","node":{"__id__":2},"_designResolution":{"__type__":"cc.Size","width":750,"height":1334}}],"_id":"947OPt4Q5H5J2gZloJ4dnG","_contentSize":{"__type__":"cc.Size","width":750,"height":1334},"_position":{"__type__":"cc.Vec2","x":375,"y":667}},{"__type__":"cc.Node","_name":"background","_parent":{"__id__":2},"_children":[{"__id__":4},{"__id__":5},{"__id__":17},{"__id__":18},{"__id__":38},{"__id__":44},{"__id__":46},{"__id__":65},{"__id__":73}],"_components":[{"__type__":"cc.Sprite","node":{"__id__":3},"_spriteFrame":{"__uuid__":"7d74D5os9GVYDQsBrf9BKD"}}],"_contentSize":{"__type__":"cc.Size","width":750,"height":1334}},{"__type__":"cc.Node","_name":"yun","_parent":{"__id__":3},"_components":[{"__type__":"cc.Sprite","node":{"__id__":4},"_spriteFrame":{"__uuid__":"d9QmGm5IZG7qUpl/dGmW92"}}],"_contentSize":{"__type__":"cc.Size","width":150,"height":89},"_position":{"__type__":"cc.Vec2","x":-123,"y":137}},{"__type__":"cc.Node","_name":"Top","_parent":{"__id__":3},"_children":[{"__id__":6},{"__id__":7},{"__id__":8},{"__id__":12},{"__id__":16}],"_position":{"__type__":"cc.Vec2","y":593.7}},{"__type__":"cc.Node","_name":"jiage","_parent":{"__id__":5},"_components":[{"__type__":"cc.Label","node":{"__id__":6},"_useOriginalSize":false,"_actualFontSize":60,"_fontSize":60,"_lineHeight":60,"_enableWrapText":false,"_N$file":{"__uuid__":"3eFj6hgqlMFJZ+Ky2eVYla"},"_isSystemFontUsed":false,"_N$string":"房价:"}],"_color":{"__type__":"cc.Color"},"_contentSize":{"__type__":"cc.Size","width":140.04,"height":60},"_position":{"__type__":"cc.Vec2","x":-300,"y":2}},{"__type__":"cc.Node","_name":"date","_parent":{"__id__":5},"_components":[{"__type__":"cc.Label","node":{"__id__":7},"_useOriginalSize":false,"_actualFontSize":60,"_fontSize":60,"_lineHeight":60,"_N$file":{"__uuid__":"3eFj6hgqlMFJZ+Ky2eVYla"},"_isSystemFontUsed":false,"_N$string":"时间:"}],"_color":{"__type__":"cc.Color"},"_contentSize":{"__type__":"cc.Size","width":140.04,"height":60},"_position":{"__type__":"cc.Vec2","x":59,"y":2}},{"__type__":"cc.Node","_name":"Price","_parent":{"__id__":5},"_children":[{"__id__":9},{"__id__":10}],"_contentSize":{"__type__":"cc.Size","width":300,"height":200},"_position":{"__type__":"cc.Vec2","x":-19}},{"__type__":"cc.Node","_name":"wan","_parent":{"__id__":8},"_active":false,"_components":[{"__type__":"cc.Sprite","node":{"__id__":9}}],"_contentSize":{"__type__":"cc.Size","width":46,"height":46},"_position":{"__type__":"cc.Vec2","x":-127}},{"__type__":"cc.Node","_name":"label_HousePrice","_parent":{"__id__":8},"_components":[{"__id__":11}],"_color":{"__type__":"cc.Color"},"_anchorPoint":{"__type__":"cc.Vec2","y":0.5},"_contentSize":{"__type__":"cc.Size","height":60},"_position":{"__type__":"cc.Vec2","x":-182,"y":10}},{"__type__":"cc.Label","node":{"__id__":10},"_useOriginalSize":false,"_actualFontSize":60,"_fontSize":60,"_lineHeight":60,"_N$file":{"__uuid__":"3eFj6hgqlMFJZ+Ky2eVYla"},"_isSystemFontUsed":false,"_N$string":""},{"__type__":"cc.Node","_name":"date","_parent":{"__id__":5},"_children":[{"__id__":13},{"__id__":14}],"_position":{"__type__":"cc.Vec2","x":331}},{"__type__":"cc.Node","_name":"week","_parent":{"__id__":12},"_components":[{"__type__":"cc.Label","node":{"__id__":13},"_useOriginalSize":false,"_actualFontSize":60,"_fontSize":60,"_lineHeight":60,"_N$file":{"__uuid__":"3eFj6hgqlMFJZ+Ky2eVYla"},"_isSystemFontUsed":false,"_N$string":"周"}],"_color":{"__type__":"cc.Color"},"_contentSize":{"__type__":"cc.Size","width":60,"height":60},"_position":{"__type__":"cc.Vec2","x":-44,"y":4}},{"__type__":"cc.Node","_name":"Label_Time","_parent":{"__id__":12},"_components":[{"__id__":15}],"_prefab":{"__type__":"cc.PrefabInfo","root":{"__id__":14},"asset":{"__uuid__":"6djsmgCClCrodegY69DxnH"},"fileId":"60jcGQTLlI/r0QZygcqJZ1"},"_color":{"__type__":"cc.Color"},"_anchorPoint":{"__type__":"cc.Vec2","y":0.5},"_contentSize":{"__type__":"cc.Size","width":88.18,"height":50},"_position":{"__type__":"cc.Vec2","x":-183,"y":4}},{"__type__":"cc.Label","node":{"__id__":14},"_useOriginalSize":false,"_actualFontSize":50,"_fontSize":50,"_lineHeight":50,"_N$file":{"__uuid__":"3eFj6hgqlMFJZ+Ky2eVYla"},"_isSystemFontUsed":false,"_N$string":"1/54","_N$horizontalAlign":1,"_N$verticalAlign":1},{"__type__":"cc.Node","_name":"line","_parent":{"__id__":5},"_components":[{"__type__":"cc.Sprite","node":{"__id__":16},"_spriteFrame":{"__uuid__":"433/lsU9ND079ZoYDB+WYh"},"_sizeMode":0}],"_anchorPoint":{"__type__":"cc.Vec2","y":0.5},"_contentSize":{"__type__":"cc.Size","width":750,"height":17},"_position":{"__type__":"cc.Vec2","x":-375,"y":-66}},{"__type__":"cc.Node","_name":"line","_parent":{"__id__":3},"_components":[{"__type__":"cc.Sprite","node":{"__id__":17},"_spriteFrame":{"__uuid__":"433/lsU9ND079ZoYDB+WYh"},"_sizeMode":0}],"_anchorPoint":{"__type__":"cc.Vec2","y":0.5},"_contentSize":{"__type__":"cc.Size","width":560,"height":9},"_rotationX":90,"_rotationY":90,"_position":{"__type__":"cc.Vec2","y":527}},{"__type__":"cc.Node","_name":"Content","_parent":{"__id__":3},"_children":[{"__id__":19},{"__id__":20},{"__id__":29},{"__id__":35},{"__id__":36},{"__id__":37}]},{"__type__":"cc.Node","_name":"New Sprite(Splash)","_parent":{"__id__":18},"_components":[{"__type__":"cc.Sprite","node":{"__id__":19},"_spriteFrame":{"__uuid__":"a2MjXRFdtLlYQ5ouAFv/+R"},"_sizeMode":0}],"_opacity":50,"_color":{"__type__":"cc.Color","r":228,"g":235,"b":191},"_anchorPoint":{"__type__":"cc.Vec2","y":1},"_contentSize":{"__type__":"cc.Size","width":750,"height":470},"_position":{"__type__":"cc.Vec2","x":-375,"y":437}},{"__type__":"cc.Node","_name":"shop","_parent":{"__id__":18},"_children":[{"__id__":21},{"__id__":25}]},{"__type__":"cc.Node","_name":"packerList","_parent":{"__id__":20},"_children":[{"__id__":22}],"_components":[{"__id__":24}],"_color":{"__type__":"cc.Color","r":184,"g":184,"b":184},"_anchorPoint":{"__type__":"cc.Vec2","y":1},"_contentSize":{"__type__":"cc.Size","width":350,"height":380},"_position":{"__type__":"cc.Vec2","x":15,"y":409}},{"__type__":"cc.Node","_name":"view","_parent":{"__id__":21},"_children":[{"__id__":23}],"_components":[{"__type__":"cc.Mask","node":{"__id__":22}}],"_anchorPoint":{"__type__":"cc.Vec2","y":1},"_contentSize":{"__type__":"cc.Size","width":350,"height":380}},{"__type__":"cc.Node","_name":"content","_parent":{"__id__":22},"_components":[{"__type__":"cc.Layout","node":{"__id__":23},"_N$layoutType":2,"_N$spacingY":30}],"_anchorPoint":{"__type__":"cc.Vec2","y":1},"_contentSize":{"__type__":"cc.Size","width":350,"height":380}},{"__type__":"cc.ScrollView","node":{"__id__":21},"content":{"__id__":23},"horizontal":false,"brake":0.75,"bounceDuration":0.23,"_N$horizontalScrollBar":null,"_N$verticalScrollBar":null},{"__type__":"cc.Node","_name":"shopList","_parent":{"__id__":20},"_children":[{"__id__":26}],"_components":[{"__id__":28}],"_color":{"__type__":"cc.Color","r":184,"g":184,"b":184},"_anchorPoint":{"__type__":"cc.Vec2","y":1},"_contentSize":{"__type__":"cc.Size","width":350,"height":380},"_position":{"__type__":"cc.Vec2","x":-367,"y":409}},{"__type__":"cc.Node","_name":"view","_parent":{"__id__":25},"_children":[{"__id__":27}],"_components":[{"__type__":"cc.Mask","node":{"__id__":26}}],"_anchorPoint":{"__type__":"cc.Vec2","y":1},"_contentSize":{"__type__":"cc.Size","width":350,"height":380}},{"__type__":"cc.Node","_name":"content","_parent":{"__id__":26},"_components":[{"__type__":"cc.Layout","node":{"__id__":27},"_N$layoutType":2,"_N$spacingY":30}],"_anchorPoint":{"__type__":"cc.Vec2","y":1},"_contentSize":{"__type__":"cc.Size","width":350,"height":380}},{"__type__":"cc.ScrollView","node":{"__id__":25},"content":{"__id__":27},"horizontal":false,"brake":0.75,"bounceDuration":0,"_N$horizontalScrollBar":null,"_N$verticalScrollBar":null},{"__type__":"cc.Node","_name":"New Node","_parent":{"__id__":18},"_children":[{"__id__":30},{"__id__":31},{"__id__":32},{"__id__":33},{"__id__":34}],"_position":{"__type__":"cc.Vec2","y":-1.1368683772161603e-13}},{"__type__":"cc.Node","_name":"shopname","_parent":{"__id__":29},"_components":[{"__type__":"cc.Label","node":{"__id__":30},"_useOriginalSize":false,"_actualFontSize":60,"_fontSize":60,"_lineHeight":60,"_N$file":{"__uuid__":"3eFj6hgqlMFJZ+Ky2eVYla"},"_isSystemFontUsed":false,"_N$string":"商品"}],"_color":{"__type__":"cc.Color"},"_contentSize":{"__type__":"cc.Size","width":120,"height":60},"_position":{"__type__":"cc.Vec2","x":-309,"y":489}},{"__type__":"cc.Node","_name":"jisge","_parent":{"__id__":29},"_components":[{"__type__":"cc.Label","node":{"__id__":31},"_useOriginalSize":false,"_actualFontSize":60,"_fontSize":60,"_lineHeight":60,"_N$file":{"__uuid__":"3eFj6hgqlMFJZ+Ky2eVYla"},"_isSystemFontUsed":false,"_N$string":"价格"}],"_color":{"__type__":"cc.Color"},"_contentSize":{"__type__":"cc.Size","width":120,"height":60},"_position":{"__type__":"cc.Vec2","x":-76,"y":489}},{"__type__":"cc.Node","_name":"Label_Medati","_parent":{"__id__":29},"_components":[{"__type__":"cc.Label","node":{"__id__":32},"_useOriginalSize":false,"_actualFontSize":50,"_fontSize":50,"_lineHeight":50,"_N$file":{"__uuid__":"3eFj6hgqlMFJZ+Ky2eVYla"},"_isSystemFontUsed":false,"_N$string":"数量","_N$horizontalAlign":1,"_N$verticalAlign":1}],"_prefab":{"__type__":"cc.PrefabInfo","root":{"__id__":32},"asset":{"__uuid__":"6djsmgCClCrodegY69DxnH"},"fileId":"60jcGQTLlI/r0QZygcqJZ1"},"_color":{"__type__":"cc.Color"},"_anchorPoint":{"__type__":"cc.Vec2","y":0.5},"_contentSize":{"__type__":"cc.Size","width":100,"height":50},"_position":{"__type__":"cc.Vec2","x":136,"y":487}},{"__type__":"cc.Node","_name":"Label_Medati","_parent":{"__id__":29},"_components":[{"__type__":"cc.Label","node":{"__id__":33},"_useOriginalSize":false,"_actualFontSize":50,"_fontSize":50,"_lineHeight":50,"_N$file":{"__uuid__":"3eFj6hgqlMFJZ+Ky2eVYla"},"_isSystemFontUsed":false,"_N$string":"商品","_N$horizontalAlign":1,"_N$verticalAlign":1}],"_prefab":{"__type__":"cc.PrefabInfo","root":{"__id__":33},"asset":{"__uuid__":"6djsmgCClCrodegY69DxnH"},"fileId":"60jcGQTLlI/r0QZygcqJZ1"},"_color":{"__type__":"cc.Color"},"_anchorPoint":{"__type__":"cc.Vec2","y":0.5},"_contentSize":{"__type__":"cc.Size","width":100,"height":50},"_position":{"__type__":"cc.Vec2","x":9,"y":487}},{"__type__":"cc.Node","_name":"Label_Medati","_parent":{"__id__":29},"_components":[{"__type__":"cc.Label","node":{"__id__":34},"_useOriginalSize":false,"_actualFontSize":50,"_fontSize":50,"_lineHeight":50,"_N$file":{"__uuid__":"3eFj6hgqlMFJZ+Ky2eVYla"},"_isSystemFontUsed":false,"_N$string":"价格","_N$horizontalAlign":1,"_N$verticalAlign":1}],"_prefab":{"__type__":"cc.PrefabInfo","root":{"__id__":34},"asset":{"__uuid__":"6djsmgCClCrodegY69DxnH"},"fileId":"60jcGQTLlI/r0QZygcqJZ1"},"_color":{"__type__":"cc.Color"},"_anchorPoint":{"__type__":"cc.Vec2","y":0.5},"_contentSize":{"__type__":"cc.Size","width":100,"height":50},"_position":{"__type__":"cc.Vec2","x":263,"y":487}},{"__type__":"cc.Node","_name":"line","_parent":{"__id__":18},"_components":[{"__type__":"cc.Sprite","node":{"__id__":35},"_spriteFrame":{"__uuid__":"433/lsU9ND079ZoYDB+WYh"},"_sizeMode":0}],"_contentSize":{"__type__":"cc.Size","width":750,"height":4},"_position":{"__type__":"cc.Vec2","y":441}},{"__type__":"cc.Node","_name":"line","_parent":{"__id__":18},"_components":[{"__type__":"cc.Sprite","node":{"__id__":36},"_spriteFrame":{"__uuid__":"433/lsU9ND079ZoYDB+WYh"},"_sizeMode":0}],"_contentSize":{"__type__":"cc.Size","width":750,"height":7},"_position":{"__type__":"cc.Vec2","y":-34}},{"__type__":"cc.Node","_name":"line","_parent":{"__id__":18},"_components":[{"__type__":"cc.Sprite","node":{"__id__":37},"_spriteFrame":{"__uuid__":"433/lsU9ND079ZoYDB+WYh"},"_sizeMode":0}],"_contentSize":{"__type__":"cc.Size","width":750,"height":7},"_position":{"__type__":"cc.Vec2","y":-138}},{"__type__":"cc.Node","_name":"node_beibao","_parent":{"__id__":3},"_children":[{"__id__":39},{"__id__":40},{"__id__":42}],"_position":{"__type__":"cc.Vec2","y":-14}},{"__type__":"cc.Node","_name":"New Sprite(Splash)","_parent":{"__id__":38},"_components":[{"__type__":"cc.Sprite","node":{"__id__":39},"_spriteFrame":{"__uuid__":"a2MjXRFdtLlYQ5ouAFv/+R"},"_sizeMode":0}],"_opacity":100,"_color":{"__type__":"cc.Color","r":90,"g":224,"b":95},"_contentSize":{"__type__":"cc.Size","width":750,"height":100},"_position":{"__type__":"cc.Vec2","y":-73}},{"__type__":"cc.Node","_name":"New Node","_parent":{"__id__":38},"_children":[{"__id__":41}],"_components":[{"__type__":"cc.Sprite","node":{"__id__":40},"_spriteFrame":{"__uuid__":"57USO9X3xBhrOinAApTnVl"}}],"_color":{"__type__":"cc.Color","r":131,"g":187,"b":209},"_contentSize":{"__type__":"cc.Size","width":171,"height":57},"_position":{"__type__":"cc.Vec2","x":-191,"y":-73}},{"__type__":"cc.Node","_name":"Label_Medati","_parent":{"__id__":40},"_components":[{"__type__":"cc.Label","node":{"__id__":41},"_useOriginalSize":false,"_actualFontSize":50,"_fontSize":50,"_lineHeight":50,"_N$file":{"__uuid__":"3eFj6hgqlMFJZ+Ky2eVYla"},"_isSystemFontUsed":false,"_N$string":"市场","_N$horizontalAlign":1,"_N$verticalAlign":1}],"_prefab":{"__type__":"cc.PrefabInfo","root":{"__id__":41},"asset":{"__uuid__":"6djsmgCClCrodegY69DxnH"},"fileId":"60jcGQTLlI/r0QZygcqJZ1"},"_color":{"__type__":"cc.Color"},"_anchorPoint":{"__type__":"cc.Vec2","y":0.5},"_contentSize":{"__type__":"cc.Size","width":100,"height":50},"_position":{"__type__":"cc.Vec2","x":-54}},{"__type__":"cc.Node","_name":"cangku","_parent":{"__id__":38},"_children":[{"__id__":43}],"_components":[{"__type__":"cc.Sprite","node":{"__id__":42},"_spriteFrame":{"__uuid__":"57USO9X3xBhrOinAApTnVl"}}],"_color":{"__type__":"cc.Color","r":56,"g":228,"b":221},"_contentSize":{"__type__":"cc.Size","width":171,"height":57},"_position":{"__type__":"cc.Vec2","x":193,"y":-73}},{"__type__":"cc.Node","_name":"Label_Medati","_parent":{"__id__":42},"_components":[{"__type__":"cc.Label","node":{"__id__":43},"_useOriginalSize":false,"_actualFontSize":50,"_fontSize":50,"_lineHeight":50,"_N$file":{"__uuid__":"3eFj6hgqlMFJZ+Ky2eVYla"},"_isSystemFontUsed":false,"_N$string":"仓库","_N$horizontalAlign":1,"_N$verticalAlign":1}],"_prefab":{"__type__":"cc.PrefabInfo","root":{"__id__":43},"asset":{"__uuid__":"6djsmgCClCrodegY69DxnH"},"fileId":"60jcGQTLlI/r0QZygcqJZ1"},"_color":{"__type__":"cc.Color"},"_contentSize":{"__type__":"cc.Size","width":100,"height":50}},{"__type__":"cc.Node","_name":"Compute","_parent":{"__id__":3},"_children":[{"__id__":45}],"_components":[{"__type__":"cc.Sprite","node":{"__id__":44},"_spriteFrame":{"__uuid__":"57USO9X3xBhrOinAApTnVl"},"_type":1,"_sizeMode":0},{"__type__":"cf783/qdW5FPJKV7McoYO0a","node":{"__id__":44},"transition":2,"_N$enableAutoGrayEffect":true,"_N$disabledColor":{"__type__":"cc.Color","r":127,"g":127,"b":127},"_N$target":{"__id__":44}}],"_prefab":{"__type__":"cc.PrefabInfo","root":{"__id__":44},"asset":{"__uuid__":"44KZkWmDJBJrqKd0ItQniN"},"fileId":"83cedEgYhMoZe/VKeQy+Te"},"_color":{"__type__":"cc.Color","r":240,"g":136,"b":136},"_contentSize":{"__type__":"cc.Size","width":200,"height":60},"_position":{"__type__":"cc.Vec2","x":255,"y":-532}},{"__type__":"cc.Node","_name":"start","_parent":{"__id__":44},"_components":[{"__type__":"cc.Label","node":{"__id__":45},"_useOriginalSize":false,"_N$file":{"__uuid__":"3eFj6hgqlMFJZ+Ky2eVYla"},"_isSystemFontUsed":false,"_N$string":"交易结束"}],"_prefab":{"__type__":"cc.PrefabInfo","root":{"__id__":44},"asset":{"__uuid__":"44KZkWmDJBJrqKd0ItQniN"},"fileId":"bfJ6x+AqNPS481y4IY7Asu"},"_color":{"__type__":"cc.Color"},"_contentSize":{"__type__":"cc.Size","width":160,"height":40}},{"__type__":"cc.Node","_name":"node_myinfo","_parent":{"__id__":3},"_children":[{"__id__":47},{"__id__":48},{"__id__":49},{"__id__":53},{"__id__":57},{"__id__":61}],"_color":{"__type__":"cc.Color","r":207,"g":173,"b":62},"_position":{"__type__":"cc.Vec2","y":-192}},{"__type__":"cc.Node","_name":"New Sprite(Splash)","_parent":{"__id__":46},"_components":[{"__type__":"cc.Sprite","node":{"__id__":47},"_spriteFrame":{"__uuid__":"a2MjXRFdtLlYQ5ouAFv/+R"},"_sizeMode":0}],"_opacity":100,"_color":{"__type__":"cc.Color","r":44,"g":122,"b":221},"_anchorPoint":{"__type__":"cc.Vec2","x":0.5,"y":1},"_contentSize":{"__type__":"cc.Size","width":750,"height":150},"_position":{"__type__":"cc.Vec2","y":52}},{"__type__":"cc.Node","_name":"line","_parent":{"__id__":46},"_components":[{"__type__":"cc.Sprite","node":{"__id__":48},"_spriteFrame":{"__uuid__":"433/lsU9ND079ZoYDB+WYh"},"_sizeMode":0}],"_contentSize":{"__type__":"cc.Size","width":750,"height":7},"_position":{"__type__":"cc.Vec2","y":-94}},{"__type__":"cc.Node","_name":"nnode_money","_parent":{"__id__":46},"_children":[{"__id__":50},{"__id__":51}],"_position":{"__type__":"cc.Vec2","x":-360,"y":-69}},{"__type__":"cc.Node","_name":"cunkuan","_parent":{"__id__":49},"_components":[{"__type__":"cc.Label","node":{"__id__":50},"_useOriginalSize":false,"_actualFontSize":50,"_fontSize":50,"_lineHeight":50,"_N$file":{"__uuid__":"3eFj6hgqlMFJZ+Ky2eVYla"},"_isSystemFontUsed":false,"_N$string":"存款:"}],"_color":{"__type__":"cc.Color"},"_contentSize":{"__type__":"cc.Size","width":116.7,"height":50},"_position":{"__type__":"cc.Vec2","x":44,"y":12}},{"__type__":"cc.Node","_name":"label_deposit","_parent":{"__id__":49},"_components":[{"__id__":52}],"_prefab":{"__type__":"cc.PrefabInfo","root":{"__id__":51},"asset":{"__uuid__":"6djsmgCClCrodegY69DxnH"},"fileId":"60jcGQTLlI/r0QZygcqJZ1"},"_color":{"__type__":"cc.Color"},"_anchorPoint":{"__type__":"cc.Vec2","y":0.5},"_contentSize":{"__type__":"cc.Size","width":25,"height":50},"_position":{"__type__":"cc.Vec2","x":118,"y":11}},{"__type__":"cc.Label","node":{"__id__":51},"_useOriginalSize":false,"_actualFontSize":50,"_fontSize":50,"_lineHeight":50,"_N$file":{"__uuid__":"3eFj6hgqlMFJZ+Ky2eVYla"},"_isSystemFontUsed":false,"_N$string":"0","_N$horizontalAlign":1,"_N$verticalAlign":1},{"__type__":"cc.Node","_name":"nnode_xianjin","_parent":{"__id__":46},"_children":[{"__id__":54},{"__id__":55}],"_position":{"__type__":"cc.Vec2","x":-364,"y":5}},{"__type__":"cc.Node","_name":"Label_Medati","_parent":{"__id__":53},"_components":[{"__type__":"cc.Label","node":{"__id__":54},"_useOriginalSize":false,"_actualFontSize":50,"_fontSize":50,"_lineHeight":50,"_N$file":{"__uuid__":"3eFj6hgqlMFJZ+Ky2eVYla"},"_isSystemFontUsed":false,"_N$string":"现金:","_N$horizontalAlign":1,"_N$verticalAlign":1}],"_prefab":{"__type__":"cc.PrefabInfo","root":{"__id__":54},"asset":{"__uuid__":"6djsmgCClCrodegY69DxnH"},"fileId":"60jcGQTLlI/r0QZygcqJZ1"},"_color":{"__type__":"cc.Color"},"_anchorPoint":{"__type__":"cc.Vec2","y":0.5},"_contentSize":{"__type__":"cc.Size","width":116.7,"height":50},"_position":{"__type__":"cc.Vec2","x":-10,"y":4}},{"__type__":"cc.Node","_name":"label_cash","_parent":{"__id__":53},"_components":[{"__id__":56}],"_prefab":{"__type__":"cc.PrefabInfo","root":{"__id__":55},"asset":{"__uuid__":"6djsmgCClCrodegY69DxnH"},"fileId":"60jcGQTLlI/r0QZygcqJZ1"},"_color":{"__type__":"cc.Color"},"_anchorPoint":{"__type__":"cc.Vec2","y":0.5},"_contentSize":{"__type__":"cc.Size","width":25,"height":50},"_position":{"__type__":"cc.Vec2","x":119,"y":6}},{"__type__":"cc.Label","node":{"__id__":55},"_useOriginalSize":false,"_actualFontSize":50,"_fontSize":50,"_lineHeight":50,"_N$file":{"__uuid__":"3eFj6hgqlMFJZ+Ky2eVYla"},"_isSystemFontUsed":false,"_N$string":"0","_N$horizontalAlign":1,"_N$verticalAlign":1},{"__type__":"cc.Node","_name":"nnode_mingsheng","_parent":{"__id__":46},"_children":[{"__id__":58},{"__id__":59}],"_position":{"__type__":"cc.Vec2","x":78,"y":8}},{"__type__":"cc.Node","_name":"Label_Medati","_parent":{"__id__":57},"_components":[{"__type__":"cc.Label","node":{"__id__":58},"_useOriginalSize":false,"_actualFontSize":50,"_fontSize":50,"_lineHeight":50,"_N$file":{"__uuid__":"3eFj6hgqlMFJZ+Ky2eVYla"},"_isSystemFontUsed":false,"_N$string":"名声:","_N$horizontalAlign":1,"_N$verticalAlign":1}],"_prefab":{"__type__":"cc.PrefabInfo","root":{"__id__":58},"asset":{"__uuid__":"6djsmgCClCrodegY69DxnH"},"fileId":"60jcGQTLlI/r0QZygcqJZ1"},"_color":{"__type__":"cc.Color"},"_anchorPoint":{"__type__":"cc.Vec2","y":0.5},"_contentSize":{"__type__":"cc.Size","width":116.7,"height":50},"_position":{"__type__":"cc.Vec2","x":16,"y":-5}},{"__type__":"cc.Node","_name":"label_reputation","_parent":{"__id__":57},"_components":[{"__id__":60}],"_prefab":{"__type__":"cc.PrefabInfo","root":{"__id__":59},"asset":{"__uuid__":"6djsmgCClCrodegY69DxnH"},"fileId":"60jcGQTLlI/r0QZygcqJZ1"},"_color":{"__type__":"cc.Color"},"_anchorPoint":{"__type__":"cc.Vec2","y":0.5},"_contentSize":{"__type__":"cc.Size","width":65.43,"height":50},"_position":{"__type__":"cc.Vec2","x":142,"y":-5}},{"__type__":"cc.Label","node":{"__id__":59},"_useOriginalSize":false,"_actualFontSize":50,"_fontSize":50,"_lineHeight":50,"_N$file":{"__uuid__":"3eFj6hgqlMFJZ+Ky2eVYla"},"_isSystemFontUsed":false,"_N$string":"100","_N$horizontalAlign":1,"_N$verticalAlign":1},{"__type__":"cc.Node","_name":"node_jiankang","_parent":{"__id__":46},"_children":[{"__id__":62},{"__id__":63}],"_position":{"__type__":"cc.Vec2","x":73,"y":-76}},{"__type__":"cc.Node","_name":"Label_Medati","_parent":{"__id__":61},"_components":[{"__type__":"cc.Label","node":{"__id__":62},"_useOriginalSize":false,"_actualFontSize":50,"_fontSize":50,"_lineHeight":50,"_N$file":{"__uuid__":"3eFj6hgqlMFJZ+Ky2eVYla"},"_isSystemFontUsed":false,"_N$string":"健康:","_N$horizontalAlign":1,"_N$verticalAlign":1}],"_prefab":{"__type__":"cc.PrefabInfo","root":{"__id__":62},"asset":{"__uuid__":"6djsmgCClCrodegY69DxnH"},"fileId":"60jcGQTLlI/r0QZygcqJZ1"},"_color":{"__type__":"cc.Color"},"_anchorPoint":{"__type__":"cc.Vec2","y":0.5},"_contentSize":{"__type__":"cc.Size","width":116.7,"height":50},"_position":{"__type__":"cc.Vec2","x":21,"y":18}},{"__type__":"cc.Node","_name":"label_health","_parent":{"__id__":61},"_components":[{"__id__":64}],"_prefab":{"__type__":"cc.PrefabInfo","root":{"__id__":63},"asset":{"__uuid__":"6djsmgCClCrodegY69DxnH"},"fileId":"60jcGQTLlI/r0QZygcqJZ1"},"_color":{"__type__":"cc.Color"},"_anchorPoint":{"__type__":"cc.Vec2","y":0.5},"_contentSize":{"__type__":"cc.Size","width":65.43,"height":50},"_position":{"__type__":"cc.Vec2","x":147,"y":20}},{"__type__":"cc.Label","node":{"__id__":63},"_useOriginalSize":false,"_actualFontSize":50,"_fontSize":50,"_lineHeight":50,"_N$file":{"__uuid__":"3eFj6hgqlMFJZ+Ky2eVYla"},"_isSystemFontUsed":false,"_N$string":"100","_N$horizontalAlign":1,"_N$verticalAlign":1},{"__type__":"cc.Node","_name":"node_cangku","_parent":{"__id__":3},"_children":[{"__id__":66},{"__id__":67},{"__id__":68},{"__id__":69},{"__id__":71}],"_position":{"__type__":"cc.Vec2","y":-294}},{"__type__":"cc.Node","_name":"line","_parent":{"__id__":65},"_components":[{"__type__":"cc.Sprite","node":{"__id__":66},"_spriteFrame":{"__uuid__":"433/lsU9ND079ZoYDB+WYh"},"_sizeMode":0}],"_contentSize":{"__type__":"cc.Size","width":750,"height":7},"_position":{"__type__":"cc.Vec2","y":-94}},{"__type__":"cc.Node","_name":"New Sprite(Splash)","_parent":{"__id__":65},"_components":[{"__type__":"cc.Sprite","node":{"__id__":67},"_spriteFrame":{"__uuid__":"a2MjXRFdtLlYQ5ouAFv/+R"},"_sizeMode":0}],"_opacity":100,"_color":{"__type__":"cc.Color","r":235,"g":235,"b":131},"_contentSize":{"__type__":"cc.Size","width":750,"height":100},"_position":{"__type__":"cc.Vec2","y":-43}},{"__type__":"cc.Node","_name":"Label_Medati","_parent":{"__id__":65},"_components":[{"__type__":"cc.Label","node":{"__id__":68},"_useOriginalSize":false,"_actualFontSize":45,"_fontSize":45,"_lineHeight":45,"_N$file":{"__uuid__":"3eFj6hgqlMFJZ+Ky2eVYla"},"_isSystemFontUsed":false,"_N$string":"仓库空间:","_N$horizontalAlign":1,"_N$verticalAlign":1}],"_prefab":{"__type__":"cc.PrefabInfo","root":{"__id__":68},"asset":{"__uuid__":"6djsmgCClCrodegY69DxnH"},"fileId":"60jcGQTLlI/r0QZygcqJZ1"},"_color":{"__type__":"cc.Color","r":195,"g":48,"b":48},"_anchorPoint":{"__type__":"cc.Vec2","y":0.5},"_contentSize":{"__type__":"cc.Size","width":195.03,"height":45},"_position":{"__type__":"cc.Vec2","x":-368,"y":-42}},{"__type__":"cc.Node","_name":"label_Repository","_parent":{"__id__":65},"_components":[{"__id__":70}],"_prefab":{"__type__":"cc.PrefabInfo","root":{"__id__":69},"asset":{"__uuid__":"6djsmgCClCrodegY69DxnH"},"fileId":"60jcGQTLlI/r0QZygcqJZ1"},"_color":{"__type__":"cc.Color","r":195,"g":48,"b":48},"_anchorPoint":{"__type__":"cc.Vec2","y":0.5},"_contentSize":{"__type__":"cc.Size","height":50},"_position":{"__type__":"cc.Vec2","x":-162,"y":-43}},{"__type__":"cc.Label","node":{"__id__":69},"_useOriginalSize":false,"_actualFontSize":50,"_fontSize":50,"_lineHeight":50,"_N$file":{"__uuid__":"3eFj6hgqlMFJZ+Ky2eVYla"},"_isSystemFontUsed":false,"_N$string":"","_N$horizontalAlign":1,"_N$verticalAlign":1},{"__type__":"cc.Node","_name":"RepositoryExpand","_parent":{"__id__":65},"_children":[{"__id__":72}],"_components":[{"__type__":"cc.Sprite","node":{"__id__":71},"_spriteFrame":{"__uuid__":"57USO9X3xBhrOinAApTnVl"}}],"_color":{"__type__":"cc.Color","r":206,"g":134,"b":177},"_contentSize":{"__type__":"cc.Size","width":171,"height":57},"_position":{"__type__":"cc.Vec2","x":263,"y":-40}},{"__type__":"cc.Node","_name":"Label_Medati","_parent":{"__id__":71},"_components":[{"__type__":"cc.Label","node":{"__id__":72},"_useOriginalSize":false,"_actualFontSize":30,"_fontSize":30,"_lineHeight":30,"_N$file":{"__uuid__":"3eFj6hgqlMFJZ+Ky2eVYla"},"_isSystemFontUsed":false,"_N$string":"仓库扩张","_N$horizontalAlign":1,"_N$verticalAlign":1}],"_prefab":{"__type__":"cc.PrefabInfo","root":{"__id__":72},"asset":{"__uuid__":"6djsmgCClCrodegY69DxnH"},"fileId":"60jcGQTLlI/r0QZygcqJZ1"},"_color":{"__type__":"cc.Color"},"_anchorPoint":{"__type__":"cc.Vec2","y":0.5},"_contentSize":{"__type__":"cc.Size","width":120,"height":30},"_position":{"__type__":"cc.Vec2","x":-60}},{"__type__":"cc.Node","_name":"node_Other","_parent":{"__id__":3},"_children":[{"__id__":74},{"__id__":76},{"__id__":78},{"__id__":80},{"__id__":82}],"_position":{"__type__":"cc.Vec2","y":-434}},{"__type__":"cc.Node","_name":"Bank","_parent":{"__id__":73},"_children":[{"__id__":75}],"_components":[{"__type__":"cc.Sprite","node":{"__id__":74},"_spriteFrame":{"__uuid__":"57USO9X3xBhrOinAApTnVl"},"_sizeMode":0}],"_color":{"__type__":"cc.Color","r":240,"g":136,"b":136},"_contentSize":{"__type__":"cc.Size","width":200,"height":57},"_position":{"__type__":"cc.Vec2","x":-263}},{"__type__":"cc.Node","_name":"New Label","_parent":{"__id__":74},"_components":[{"__type__":"cc.Label","node":{"__id__":75},"_useOriginalSize":false,"_N$file":{"__uuid__":"3eFj6hgqlMFJZ+Ky2eVYla"},"_isSystemFontUsed":false,"_N$string":"银行","_N$horizontalAlign":1,"_N$verticalAlign":1}],"_color":{"__type__":"cc.Color"},"_contentSize":{"__type__":"cc.Size","width":80,"height":40}},{"__type__":"cc.Node","_name":"HosPital","_parent":{"__id__":73},"_children":[{"__id__":77}],"_components":[{"__type__":"cc.Sprite","node":{"__id__":76},"_spriteFrame":{"__uuid__":"57USO9X3xBhrOinAApTnVl"},"_sizeMode":0}],"_color":{"__type__":"cc.Color","r":240,"g":136,"b":136},"_contentSize":{"__type__":"cc.Size","width":200,"height":57},"_position":{"__type__":"cc.Vec2","x":-2}},{"__type__":"cc.Node","_name":"New Label","_parent":{"__id__":76},"_components":[{"__type__":"cc.Label","node":{"__id__":77},"_useOriginalSize":false,"_N$file":{"__uuid__":"3eFj6hgqlMFJZ+Ky2eVYla"},"_isSystemFontUsed":false,"_N$string":"医院","_N$horizontalAlign":1,"_N$verticalAlign":1}],"_color":{"__type__":"cc.Color"},"_contentSize":{"__type__":"cc.Size","width":80,"height":40}},{"__type__":"cc.Node","_name":"BuyHouse","_parent":{"__id__":73},"_children":[{"__id__":79}],"_components":[{"__type__":"cc.Sprite","node":{"__id__":78},"_spriteFrame":{"__uuid__":"57USO9X3xBhrOinAApTnVl"},"_sizeMode":0}],"_color":{"__type__":"cc.Color","r":240,"g":136,"b":136},"_contentSize":{"__type__":"cc.Size","width":200,"height":57},"_position":{"__type__":"cc.Vec2","x":253}},{"__type__":"cc.Node","_name":"New Label","_parent":{"__id__":78},"_components":[{"__type__":"cc.Label","node":{"__id__":79},"_useOriginalSize":false,"_N$file":{"__uuid__":"3eFj6hgqlMFJZ+Ky2eVYla"},"_isSystemFontUsed":false,"_N$string":"售楼部","_N$horizontalAlign":1,"_N$verticalAlign":1}],"_color":{"__type__":"cc.Color"},"_contentSize":{"__type__":"cc.Size","width":120,"height":40}},{"__type__":"cc.Node","_name":"Help","_parent":{"__id__":73},"_children":[{"__id__":81}],"_components":[{"__type__":"cc.Sprite","node":{"__id__":80},"_spriteFrame":{"__uuid__":"57USO9X3xBhrOinAApTnVl"},"_sizeMode":0}],"_color":{"__type__":"cc.Color","r":240,"g":136,"b":136},"_contentSize":{"__type__":"cc.Size","width":200,"height":57},"_position":{"__type__":"cc.Vec2","x":-262,"y":-94}},{"__type__":"cc.Node","_name":"New Label","_parent":{"__id__":80},"_components":[{"__type__":"cc.Label","node":{"__id__":81},"_useOriginalSize":false,"_N$file":{"__uuid__":"3eFj6hgqlMFJZ+Ky2eVYla"},"_isSystemFontUsed":false,"_N$string":"教程","_N$horizontalAlign":1,"_N$verticalAlign":1}],"_color":{"__type__":"cc.Color"},"_contentSize":{"__type__":"cc.Size","width":80,"height":40}},{"__type__":"cc.Node","_name":"Again","_parent":{"__id__":73},"_children":[{"__id__":83}],"_components":[{"__type__":"cc.Sprite","node":{"__id__":82},"_spriteFrame":{"__uuid__":"57USO9X3xBhrOinAApTnVl"},"_sizeMode":0}],"_color":{"__type__":"cc.Color","r":240,"g":136,"b":136},"_contentSize":{"__type__":"cc.Size","width":200,"height":57},"_position":{"__type__":"cc.Vec2","x":-3,"y":-94}},{"__type__":"cc.Node","_name":"New Label","_parent":{"__id__":82},"_components":[{"__type__":"cc.Label","node":{"__id__":83},"_useOriginalSize":false,"_N$file":{"__uuid__":"3eFj6hgqlMFJZ+Ky2eVYla"},"_isSystemFontUsed":false,"_N$string":"重新开始","_N$horizontalAlign":1,"_N$verticalAlign":1}],"_color":{"__type__":"cc.Color"},"_contentSize":{"__type__":"cc.Size","width":160,"height":40}},{"__type__":"cc.Node","_name":"LogicNode","_parent":{"__id__":1},"_components":[{"__type__":"003fdLt7zNA5pUgfRTsOg6U","node":{"__id__":84},"ArrButton":[{"__id__":44},{"__id__":71},{"__id__":74},{"__id__":76},{"__id__":80},{"__id__":82},{"__id__":78}],"ArrLabel":[{"__id__":52},{"__id__":56},{"__id__":60},{"__id__":64},{"__id__":15},{"__id__":70},{"__id__":11}],"Marketplace":{"__id__":28},"Scroll_Package":{"__id__":24}}],"_id":"104gNyqjNGW4V4onQREvKq"}]]