{
    "1" : {
        "id" : 1,
        "sName" : "单身公寓",
        "sDetails" : "40平米的单身公寓，两个人住感觉着还行",
        "nPrice" : 400000,
        "sPath" : "IMG_0579"
    }
    ,
    "2" : {
        "id" : 2,
        "sName" : "二手旧房",
        "sDetails" : "90年代初建造的80平米的旧楼，虽然是老房子，但还是很实用",
        "nPrice" : 1300000,
        "sPath" : "IMG_0579"
    }
    ,
    "3" : {
        "id" : 3,
        "sName" : "高档小区",
        "sDetails" : "环境优雅的新建小区，是城市白领的聚集地",
        "nPrice" : 2200000,
        "sPath" : "IMG_0579"
    }
    ,
    "4" : {
        "id" : 4,
        "sName" : "跃层大楼",
        "sDetails" : "200平米的跃层大楼，非常宽敞舒适",
        "nPrice" : 4000000,
        "sPath" : "IMG_0579"
    }
    ,
    "5" : {
        "id" : 5,
        "sName" : "四联排屋",
        "sDetails" : "300平米的三层排屋，还带一个小院，三代人同住也是极好",
        "nPrice" : 6000000,
        "sPath" : "IMG_0579"
    }
    ,
    "6" : {
        "id" : 6,
        "sName" : "一线江景豪华豪宅",
        "sDetails" : "风景优美，位置稀缺，属于城市精英的一线江景豪宅",
        "nPrice" : 10000000,
        "sPath" : "IMG_0579"
    }
    ,
    "7" : {
        "id" : 7,
        "sName" : "内环高端大宅",
        "sDetails" : "位于核心城区，设计奢华，闹中取静的高端豪华大宅",
        "nPrice" : 20000000,
        "sPath" : "IMG_0579"
    }
    ,
    "8" : {
        "id" : 8,
        "sName" : "单体泳池别墅",
        "sDetails" : "森林环绕的带泳池和花园的bieshu",
        "nPrice" : 400000,
        "sPath" : "IMG_0579"
    }
    ,
    "9" : {
        "id" : 9,
        "sName" : "热带小岛别墅",
        "sDetails" : "建造在小岛上的度假别墅，属于你的私人小岛和私家海滩",
        "nPrice" : 100000000,
        "sPath" : "IMG_0579"
    }
    ,
    "10" : {
        "id" : 10,
        "sName" : "火星移民基地",
        "sDetails" : "为地球毁灭而准备的，建造在火星上得的移民基地",
        "nPrice" : 300000000,
        "sPath" : "IMG_0579"
    }
}