[{"__type__":"cc.SpriteFrame","content":{"name":"line","texture":"25svrxPkdAT7YdHW24l9zk","rect":[0,4,1334,17],"offset":[0,-2],"originalSize":[1334,21]}},{"__type__":"cc.SpriteFrame","content":{"name":"button","texture":"d6l+ZJLhNLALWPn0H/ko9a","rect":[0,0,171,57],"offset":[0,0],"originalSize":[171,57]}},{"__type__":"cc.SpriteFrame","content":{"name":"img","texture":"98q3d5bwNHppLdpldy8Iv2","rect":[6,6,128,112],"offset":[2,-3],"originalSize":[136,118],"capInsets":[25,26,37,32]}},[{"__type__":"cc.Prefab","_name":"Tip_Hospital","data":{"__id__":1},"asyncLoadAssets":null},{"__type__":"cc.Node","_name":"Tip_Hospital","_children":[{"__id__":2}],"_components":[{"__type__":"6a1d2uv9RdCg4q/YTCZaJO8","node":{"__id__":1},"ArrButton":[{"__id__":7},{"__id__":9}],"ArrLabel":[{"__id__":6},{"__id__":12}]}],"_prefab":{"__type__":"cc.PrefabInfo","root":{"__id__":1},"asset":{"__uuid__":"8bB7z1AH5B4LB+jH8yS+4H"},"fileId":"c2dhNxzqNG5qVZgBMXokrB"}},{"__type__":"cc.Node","_name":"img","_parent":{"__id__":1},"_children":[{"__id__":3},{"__id__":4},{"__id__":5},{"__id__":7},{"__id__":9},{"__id__":11}],"_components":[{"__type__":"cc.Sprite","node":{"__id__":2},"_spriteFrame":{"__uuid__":"5aZkzzNH1EHZvMqgPI6/Mv"},"_type":1,"_sizeMode":0}],"_prefab":{"__type__":"cc.PrefabInfo","root":{"__id__":1},"asset":{"__uuid__":"8bB7z1AH5B4LB+jH8yS+4H"},"fileId":"52g2yNOclB8YjuAs8tjHWu"},"_contentSize":{"__type__":"cc.Size","width":500,"height":250},"_position":{"__type__":"cc.Vec2","x":-30,"y":47}},{"__type__":"cc.Node","_name":"line","_parent":{"__id__":2},"_components":[{"__type__":"cc.Sprite","node":{"__id__":3},"_spriteFrame":{"__uuid__":"433/lsU9ND079ZoYDB+WYh"},"_sizeMode":0}],"_prefab":{"__type__":"cc.PrefabInfo","root":{"__id__":1},"asset":{"__uuid__":"8bB7z1AH5B4LB+jH8yS+4H"},"fileId":"daDgt9SBlAn6kGqm6r5kV9"},"_contentSize":{"__type__":"cc.Size","width":490,"height":5},"_position":{"__type__":"cc.Vec2","x":-3,"y":55}},{"__type__":"cc.Node","_name":"Label_Medati","_parent":{"__id__":2},"_components":[{"__type__":"cc.Label","node":{"__id__":4},"_useOriginalSize":false,"_N$file":{"__uuid__":"3eFj6hgqlMFJZ+Ky2eVYla"},"_isSystemFontUsed":false,"_N$string":"医院","_N$horizontalAlign":1,"_N$verticalAlign":1}],"_prefab":{"__type__":"cc.PrefabInfo","root":{"__id__":1},"asset":{"__uuid__":"8bB7z1AH5B4LB+jH8yS+4H"},"fileId":"7ci3fH8FRKjqz7jNdHlaXe"},"_color":{"__type__":"cc.Color"},"_anchorPoint":{"__type__":"cc.Vec2","y":0.5},"_contentSize":{"__type__":"cc.Size","width":80,"height":40},"_position":{"__type__":"cc.Vec2","x":-45,"y":87}},{"__type__":"cc.Node","_name":"Label_Medati","_parent":{"__id__":2},"_components":[{"__id__":6}],"_prefab":{"__type__":"cc.PrefabInfo","root":{"__id__":1},"asset":{"__uuid__":"8bB7z1AH5B4LB+jH8yS+4H"},"fileId":"d3h4Xy9gRPE7AJAFxUgU1W"},"_color":{"__type__":"cc.Color"},"_contentSize":{"__type__":"cc.Size","width":232.19,"height":40},"_position":{"__type__":"cc.Vec2","x":-9,"y":26}},{"__type__":"cc.Label","node":{"__id__":5},"_useOriginalSize":false,"_N$file":{"__uuid__":"3eFj6hgqlMFJZ+Ky2eVYla"},"_isSystemFontUsed":false,"_N$string":"需要花费9999","_N$horizontalAlign":1,"_N$verticalAlign":1},{"__type__":"cc.Node","_name":"Ok","_parent":{"__id__":2},"_children":[{"__id__":8}],"_components":[{"__type__":"cc.Sprite","node":{"__id__":7},"_spriteFrame":{"__uuid__":"57USO9X3xBhrOinAApTnVl"},"_sizeMode":0}],"_prefab":{"__type__":"cc.PrefabInfo","root":{"__id__":1},"asset":{"__uuid__":"8bB7z1AH5B4LB+jH8yS+4H"},"fileId":"81hm2X+ZVI3YoJhUT0tcSC"},"_contentSize":{"__type__":"cc.Size","width":120,"height":57},"_position":{"__type__":"cc.Vec2","x":-125,"y":-81}},{"__type__":"cc.Node","_name":"medati","_parent":{"__id__":7},"_components":[{"__type__":"cc.Label","node":{"__id__":8},"_useOriginalSize":false,"_N$file":{"__uuid__":"3eFj6hgqlMFJZ+Ky2eVYla"},"_isSystemFontUsed":false,"_N$string":"确定"}],"_prefab":{"__type__":"cc.PrefabInfo","root":{"__id__":1},"asset":{"__uuid__":"8bB7z1AH5B4LB+jH8yS+4H"},"fileId":"bcQqbDAqNGe58XnlYkQzVI"},"_color":{"__type__":"cc.Color"},"_contentSize":{"__type__":"cc.Size","width":80,"height":40}},{"__type__":"cc.Node","_name":"Cancel","_parent":{"__id__":2},"_children":[{"__id__":10}],"_components":[{"__type__":"cc.Sprite","node":{"__id__":9},"_spriteFrame":{"__uuid__":"57USO9X3xBhrOinAApTnVl"},"_sizeMode":0}],"_prefab":{"__type__":"cc.PrefabInfo","root":{"__id__":1},"asset":{"__uuid__":"8bB7z1AH5B4LB+jH8yS+4H"},"fileId":"258VTTIpNIJKmZbSdZf8BQ"},"_contentSize":{"__type__":"cc.Size","width":120,"height":57},"_position":{"__type__":"cc.Vec2","x":128,"y":-81}},{"__type__":"cc.Node","_name":"medati","_parent":{"__id__":9},"_components":[{"__type__":"cc.Label","node":{"__id__":10},"_useOriginalSize":false,"_N$file":{"__uuid__":"3eFj6hgqlMFJZ+Ky2eVYla"},"_isSystemFontUsed":false,"_N$string":"离开"}],"_prefab":{"__type__":"cc.PrefabInfo","root":{"__id__":1},"asset":{"__uuid__":"8bB7z1AH5B4LB+jH8yS+4H"},"fileId":"3e1Y8kBCZOWoJfGT/WWtQU"},"_color":{"__type__":"cc.Color"},"_contentSize":{"__type__":"cc.Size","width":80,"height":40}},{"__type__":"cc.Node","_name":"label_Hint","_parent":{"__id__":2},"_components":[{"__id__":12}],"_prefab":{"__type__":"cc.PrefabInfo","root":{"__id__":1},"asset":{"__uuid__":"8bB7z1AH5B4LB+jH8yS+4H"},"fileId":"12YAtmBaFCQJgozMtfuQQs"},"_color":{"__type__":"cc.Color","r":255,"g":3,"b":3},"_contentSize":{"__type__":"cc.Size","width":120,"height":30},"_position":{"__type__":"cc.Vec2","y":-20}},{"__type__":"cc.Label","node":{"__id__":11},"_useOriginalSize":false,"_actualFontSize":30,"_fontSize":30,"_lineHeight":30,"_N$file":{"__uuid__":"3eFj6hgqlMFJZ+Ky2eVYla"},"_isSystemFontUsed":false,"_N$string":"金额不够"}]]