[{"__type__":"cc.Prefab","_name":"Label_Medati","data":{"__id__":1},"asyncLoadAssets":null},{"__type__":"cc.Node","_name":"Label_Medati","_components":[{"__type__":"cc.Label","node":{"__id__":1},"_useOriginalSize":false,"_actualFontSize":50,"_fontSize":50,"_lineHeight":50,"_N$file":{"__uuid__":"3eFj6hgqlMFJZ+Ky2eVYla"},"_isSystemFontUsed":false,"_N$string":"51354","_N$horizontalAlign":1,"_N$verticalAlign":1}],"_prefab":{"__type__":"cc.PrefabInfo","root":{"__id__":1},"asset":{"__uuid__":"6djsmgCClCrodegY69DxnH"},"fileId":"60jcGQTLlI/r0QZygcqJZ1"},"_color":{"__type__":"cc.Color","r":195,"g":48,"b":48},"_anchorPoint":{"__type__":"cc.Vec2","y":0.5},"_contentSize":{"__type__":"cc.Size","width":111.43,"height":50}}]