[[{"__type__":"cc.Prefab","_name":"Tip_Msg","data":{"__id__":1},"asyncLoadAssets":null},{"__type__":"cc.Node","_name":"Tip_Msg","_children":[{"__id__":2},{"__id__":4},{"__id__":6}],"_components":[{"__type__":"cc.Sprite","node":{"__id__":1},"_spriteFrame":{"__uuid__":"abCqjtnmNNA62FyRGA8kqk"}},{"__type__":"72d87CPVNpOQrr9V5UyN/2S","node":{"__id__":1},"ArrButton":[{"__id__":6}],"ArrLabel":[{"__id__":3},{"__id__":5}]}],"_prefab":{"__type__":"cc.PrefabInfo","root":{"__id__":1},"asset":{"__uuid__":"11uU/GpSRMv6/KEJkjKWgn"},"fileId":"37KIRcWHhHcJ+29bqGwkrV"},"_contentSize":{"__type__":"cc.Size","width":522,"height":572}},{"__type__":"cc.Node","_name":"label_TiShi","_parent":{"__id__":1},"_components":[{"__id__":3}],"_prefab":{"__type__":"cc.PrefabInfo","root":{"__id__":1},"asset":{"__uuid__":"11uU/GpSRMv6/KEJkjKWgn"},"fileId":"faal7jsX5PyZvaccEoeCGW"},"_color":{"__type__":"cc.Color"},"_contentSize":{"__type__":"cc.Size","width":160,"height":40},"_position":{"__type__":"cc.Vec2","y":226}},{"__type__":"cc.Label","node":{"__id__":2},"_useOriginalSize":false,"_N$file":{"__uuid__":"3eFj6hgqlMFJZ+Ky2eVYla"},"_isSystemFontUsed":false,"_N$string":"温馨提示"},{"__type__":"cc.Node","_name":"label_Content","_parent":{"__id__":1},"_components":[{"__id__":5}],"_prefab":{"__type__":"cc.PrefabInfo","root":{"__id__":1},"asset":{"__uuid__":"11uU/GpSRMv6/KEJkjKWgn"},"fileId":"960HxD+65HXK6HSk/a+AtH"},"_color":{"__type__":"cc.Color"},"_contentSize":{"__type__":"cc.Size","width":400,"height":120},"_position":{"__type__":"cc.Vec2","y":37}},{"__type__":"cc.Label","node":{"__id__":4},"_useOriginalSize":false,"_N$file":{"__uuid__":"3eFj6hgqlMFJZ+Ky2eVYla"},"_isSystemFontUsed":false,"_N$string":"内容内容内容内容内容内容内容内容内容内容内容内容内容内容","_N$horizontalAlign":1,"_N$verticalAlign":1,"_N$overflow":3},{"__type__":"cc.Node","_name":"Cancel","_parent":{"__id__":1},"_children":[{"__id__":7}],"_components":[{"__type__":"cc.Sprite","node":{"__id__":6},"_spriteFrame":{"__uuid__":"a2MjXRFdtLlYQ5ouAFv/+R"},"_sizeMode":0}],"_prefab":{"__type__":"cc.PrefabInfo","root":{"__id__":1},"asset":{"__uuid__":"11uU/GpSRMv6/KEJkjKWgn"},"fileId":"9f7At436tEyp6bMp4rMqAC"},"_color":{"__type__":"cc.Color","r":224,"g":94,"b":94},"_contentSize":{"__type__":"cc.Size","width":100,"height":50},"_position":{"__type__":"cc.Vec2","y":-202}},{"__type__":"cc.Node","_name":"medati","_parent":{"__id__":6},"_components":[{"__type__":"cc.Label","node":{"__id__":7},"_useOriginalSize":false,"_N$file":{"__uuid__":"3eFj6hgqlMFJZ+Ky2eVYla"},"_isSystemFontUsed":false,"_N$string":"确定"}],"_prefab":{"__type__":"cc.PrefabInfo","root":{"__id__":1},"asset":{"__uuid__":"11uU/GpSRMv6/KEJkjKWgn"},"fileId":"62fBcy/XdOAbD1ji53lmWS"},"_color":{"__type__":"cc.Color"},"_contentSize":{"__type__":"cc.Size","width":80,"height":40}}],{"__type__":"cc.SpriteFrame","content":{"name":"default_sprite_splash","texture":"02delMVqdBD70a/HSD99FK","rect":[0,0,2,2],"offset":[0,0],"originalSize":[2,2]}},{"__type__":"cc.SpriteFrame","content":{"name":"msgbg","texture":"9ep7SZYW1E96hr8YxQLBff","rect":[0,0,522,572],"offset":[0,0],"originalSize":[522,572]}}]