[[{"__type__":"cc.SceneAsset","_name":"MenuScene","scene":{"__id__":1},"asyncLoadAssets":null},{"__type__":"cc.Scene","_name":"New Node","_children":[{"__id__":2},{"__id__":10}],"_anchorPoint":{"__type__":"cc.Vec2"},"autoReleaseAssets":null},{"__type__":"cc.Node","_name":"Canvas","_parent":{"__id__":1},"_children":[{"__id__":3}],"_components":[{"__type__":"cc.Canvas","node":{"__id__":2},"_designResolution":{"__type__":"cc.Size","width":750,"height":1334}}],"_id":"38VE4YaH5DJLNbaHROVAeg","_contentSize":{"__type__":"cc.Size","width":750,"height":1334},"_position":{"__type__":"cc.Vec2","x":375,"y":667}},{"__type__":"cc.Node","_name":"BackGround","_parent":{"__id__":2},"_children":[{"__id__":4},{"__id__":9}],"_components":[{"__type__":"cc.Sprite","node":{"__id__":3},"_spriteFrame":{"__uuid__":"7d74D5os9GVYDQsBrf9BKD"}}],"_contentSize":{"__type__":"cc.Size","width":750,"height":1334}},{"__type__":"cc.Node","_name":"Node","_parent":{"__id__":3},"_children":[{"__id__":5},{"__id__":7}]},{"__type__":"cc.Node","_name":"Button_StartGame","_parent":{"__id__":4},"_children":[{"__id__":6}],"_components":[{"__type__":"cc.Sprite","node":{"__id__":5},"_spriteFrame":{"__uuid__":"57USO9X3xBhrOinAApTnVl"},"_type":1,"_sizeMode":0},{"__type__":"cf783/qdW5FPJKV7McoYO0a","node":{"__id__":5},"transition":2,"_N$enableAutoGrayEffect":true,"_N$disabledColor":{"__type__":"cc.Color","r":127,"g":127,"b":127},"_N$target":{"__id__":5}}],"_prefab":{"__type__":"cc.PrefabInfo","root":{"__id__":5},"fileId":"83cedEgYhMoZe/VKeQy+Te"},"_contentSize":{"__type__":"cc.Size","width":200,"height":60},"_position":{"__type__":"cc.Vec2","y":-361}},{"__type__":"cc.Node","_name":"start","_parent":{"__id__":5},"_components":[{"__type__":"cc.Label","node":{"__id__":6},"_useOriginalSize":false,"_N$file":{"__uuid__":"3eFj6hgqlMFJZ+Ky2eVYla"},"_isSystemFontUsed":false,"_N$string":"开始游戏"}],"_prefab":{"__type__":"cc.PrefabInfo","root":{"__id__":5},"fileId":"bfJ6x+AqNPS481y4IY7Asu"},"_color":{"__type__":"cc.Color"},"_contentSize":{"__type__":"cc.Size","width":160,"height":40}},{"__type__":"cc.Node","_name":"Button_Rank","_parent":{"__id__":4},"_children":[{"__id__":8}],"_components":[{"__type__":"cc.Sprite","node":{"__id__":7},"_spriteFrame":{"__uuid__":"57USO9X3xBhrOinAApTnVl"},"_type":1,"_sizeMode":0},{"__type__":"cf783/qdW5FPJKV7McoYO0a","node":{"__id__":7},"transition":2,"_N$enableAutoGrayEffect":true,"_N$disabledColor":{"__type__":"cc.Color","r":127,"g":127,"b":127},"_N$target":{"__id__":7}}],"_prefab":{"__type__":"cc.PrefabInfo","root":{"__id__":7},"fileId":"83cedEgYhMoZe/VKeQy+Te"},"_contentSize":{"__type__":"cc.Size","width":200,"height":60},"_position":{"__type__":"cc.Vec2","y":-465}},{"__type__":"cc.Node","_name":"rank","_parent":{"__id__":7},"_components":[{"__type__":"cc.Label","node":{"__id__":8},"_useOriginalSize":false,"_N$file":{"__uuid__":"3eFj6hgqlMFJZ+Ky2eVYla"},"_isSystemFontUsed":false,"_N$string":"里程碑"}],"_prefab":{"__type__":"cc.PrefabInfo","root":{"__id__":7},"fileId":"bfJ6x+AqNPS481y4IY7Asu"},"_color":{"__type__":"cc.Color"},"_contentSize":{"__type__":"cc.Size","width":120,"height":40}},{"__type__":"cc.Node","_name":"medati","_parent":{"__id__":3},"_components":[{"__type__":"cc.Label","node":{"__id__":9},"_useOriginalSize":false,"_actualFontSize":90,"_fontSize":90,"_lineHeight":90,"_enableWrapText":false,"_N$file":{"__uuid__":"3eFj6hgqlMFJZ+Ky2eVYla"},"_isSystemFontUsed":false,"_N$string":"我要买房子","_N$horizontalAlign":1,"_N$verticalAlign":1},{"__type__":"cc.LabelOutline","node":{"__id__":9},"_width":5}],"_color":{"__type__":"cc.Color"},"_contentSize":{"__type__":"cc.Size","width":460,"height":90},"_position":{"__type__":"cc.Vec2","y":371}},{"__type__":"cc.Node","_name":"LogicNode","_parent":{"__id__":1},"_components":[{"__type__":"5f515aZErFHyaO9/wNt48cB","node":{"__id__":10},"ArrButton":[{"__id__":5},{"__id__":7}]}],"_id":"0fxnQ5RphGZ6e7rLgoeAmj"}],{"__type__":"cc.SpriteFrame","content":{"name":"button","texture":"d6l+ZJLhNLALWPn0H/ko9a","rect":[0,0,171,57],"offset":[0,0],"originalSize":[171,57]}},{"__type__":"cc.SpriteFrame","content":{"name":"menubg","texture":"19S1xJODtMm65NmVhBN+ix","rect":[0,0,750,1334],"offset":[0,0],"originalSize":[750,1334]}}]