[{"__type__":"cc.SpriteFrame","content":{"name":"line","texture":"25svrxPkdAT7YdHW24l9zk","rect":[0,4,1334,17],"offset":[0,-2],"originalSize":[1334,21]}},{"__type__":"cc.SpriteFrame","content":{"name":"button","texture":"d6l+ZJLhNLALWPn0H/ko9a","rect":[0,0,171,57],"offset":[0,0],"originalSize":[171,57]}},{"__type__":"cc.SpriteFrame","content":{"name":"img","texture":"98q3d5bwNHppLdpldy8Iv2","rect":[6,6,128,112],"offset":[2,-3],"originalSize":[136,118],"capInsets":[25,26,37,32]}},{"__type__":"cc.SpriteFrame","content":{"name":"kuang","texture":"c1vozRnuxAGLnStKrYnRF7","rect":[0,0,67,28],"offset":[-1,0.5],"originalSize":[69,29],"capInsets":[12,8,12,8]}},[{"__type__":"cc.Prefab","_name":"Tip_Expand","data":{"__id__":1},"asyncLoadAssets":null},{"__type__":"cc.Node","_name":"Tip_Expand","_children":[{"__id__":2}],"_prefab":{"__type__":"cc.PrefabInfo","root":{"__id__":1},"asset":{"__uuid__":"c4mzK6hZZCDIqwh+CzSeMx"},"fileId":"9bY4hZkYZK24hkcHlPrB/V"}},{"__type__":"cc.Node","_name":"img","_parent":{"__id__":1},"_children":[{"__id__":3},{"__id__":4},{"__id__":5},{"__id__":6},{"__id__":8},{"__id__":10},{"__id__":12},{"__id__":13}],"_components":[{"__type__":"cc.Sprite","node":{"__id__":2},"_spriteFrame":{"__uuid__":"5aZkzzNH1EHZvMqgPI6/Mv"},"_type":1,"_sizeMode":0}],"_prefab":{"__type__":"cc.PrefabInfo","root":{"__id__":1},"asset":{"__uuid__":"c4mzK6hZZCDIqwh+CzSeMx"},"fileId":"32wwJfOPNPkqFu1ruWpfRA"},"_contentSize":{"__type__":"cc.Size","width":500,"height":300},"_position":{"__type__":"cc.Vec2","x":-30,"y":47}},{"__type__":"cc.Node","_name":"line","_parent":{"__id__":2},"_components":[{"__type__":"cc.Sprite","node":{"__id__":3},"_spriteFrame":{"__uuid__":"433/lsU9ND079ZoYDB+WYh"},"_sizeMode":0}],"_prefab":{"__type__":"cc.PrefabInfo","root":{"__id__":1},"asset":{"__uuid__":"c4mzK6hZZCDIqwh+CzSeMx"},"fileId":"7bwWmUhoRMZq7toEX6YwbA"},"_contentSize":{"__type__":"cc.Size","width":490,"height":5},"_position":{"__type__":"cc.Vec2","x":-3,"y":95.6}},{"__type__":"cc.Node","_name":"Label_Medati","_parent":{"__id__":2},"_components":[{"__type__":"cc.Label","node":{"__id__":4},"_useOriginalSize":false,"_N$file":{"__uuid__":"3eFj6hgqlMFJZ+Ky2eVYla"},"_isSystemFontUsed":false,"_N$string":"仓库扩张","_N$horizontalAlign":1,"_N$verticalAlign":1}],"_prefab":{"__type__":"cc.PrefabInfo","root":{"__id__":1},"asset":{"__uuid__":"c4mzK6hZZCDIqwh+CzSeMx"},"fileId":"7fSPiIxklNDbS1b24DUank"},"_color":{"__type__":"cc.Color"},"_anchorPoint":{"__type__":"cc.Vec2","y":0.5},"_contentSize":{"__type__":"cc.Size","width":160,"height":40},"_position":{"__type__":"cc.Vec2","x":-78,"y":127.6}},{"__type__":"cc.Node","_name":"Label_Medati","_parent":{"__id__":2},"_components":[{"__type__":"cc.Label","node":{"__id__":5},"_useOriginalSize":false,"_N$file":{"__uuid__":"3eFj6hgqlMFJZ+Ky2eVYla"},"_isSystemFontUsed":false,"_N$string":"扩张:","_N$horizontalAlign":1,"_N$verticalAlign":1}],"_prefab":{"__type__":"cc.PrefabInfo","root":{"__id__":1},"asset":{"__uuid__":"c4mzK6hZZCDIqwh+CzSeMx"},"fileId":"28pBaTOmlCF5IfkkyRQ0vk"},"_color":{"__type__":"cc.Color"},"_anchorPoint":{"__type__":"cc.Vec2","y":0.5},"_contentSize":{"__type__":"cc.Size","width":93.36,"height":40},"_position":{"__type__":"cc.Vec2","x":-232,"y":61.9}},{"__type__":"cc.Node","_name":"OK","_parent":{"__id__":2},"_children":[{"__id__":7}],"_components":[{"__type__":"cc.Sprite","node":{"__id__":6},"_spriteFrame":{"__uuid__":"57USO9X3xBhrOinAApTnVl"},"_sizeMode":0}],"_prefab":{"__type__":"cc.PrefabInfo","root":{"__id__":1},"asset":{"__uuid__":"c4mzK6hZZCDIqwh+CzSeMx"},"fileId":"26JzD4VfNGNbQMV2hYm3mf"},"_contentSize":{"__type__":"cc.Size","width":120,"height":57},"_position":{"__type__":"cc.Vec2","x":-101.9,"y":-81}},{"__type__":"cc.Node","_name":"medati","_parent":{"__id__":6},"_components":[{"__type__":"cc.Label","node":{"__id__":7},"_useOriginalSize":false,"_N$file":{"__uuid__":"3eFj6hgqlMFJZ+Ky2eVYla"},"_isSystemFontUsed":false,"_N$string":"存款"}],"_prefab":{"__type__":"cc.PrefabInfo","root":{"__id__":1},"asset":{"__uuid__":"c4mzK6hZZCDIqwh+CzSeMx"},"fileId":"09vH5PX2JDUYRKGTzkTbkS"},"_color":{"__type__":"cc.Color"},"_contentSize":{"__type__":"cc.Size","width":80,"height":40}},{"__type__":"cc.Node","_name":"btn_Leave","_parent":{"__id__":2},"_children":[{"__id__":9}],"_components":[{"__type__":"cc.Sprite","node":{"__id__":8},"_spriteFrame":{"__uuid__":"57USO9X3xBhrOinAApTnVl"},"_sizeMode":0}],"_prefab":{"__type__":"cc.PrefabInfo","root":{"__id__":1},"asset":{"__uuid__":"c4mzK6hZZCDIqwh+CzSeMx"},"fileId":"dfCtJjTJFA65Zl/mdzlvJb"},"_contentSize":{"__type__":"cc.Size","width":120,"height":57},"_position":{"__type__":"cc.Vec2","x":106.7,"y":-81}},{"__type__":"cc.Node","_name":"medati","_parent":{"__id__":8},"_components":[{"__type__":"cc.Label","node":{"__id__":9},"_useOriginalSize":false,"_N$file":{"__uuid__":"3eFj6hgqlMFJZ+Ky2eVYla"},"_isSystemFontUsed":false,"_N$string":"离开"}],"_prefab":{"__type__":"cc.PrefabInfo","root":{"__id__":1},"asset":{"__uuid__":"c4mzK6hZZCDIqwh+CzSeMx"},"fileId":"61zpbiYvRADr7IQuNIm2N/"},"_color":{"__type__":"cc.Color"},"_contentSize":{"__type__":"cc.Size","width":80,"height":40}},{"__type__":"cc.Node","_name":"kuang","_parent":{"__id__":2},"_children":[{"__id__":11}],"_components":[{"__type__":"cc.Sprite","node":{"__id__":10},"_spriteFrame":{"__uuid__":"a7/N6CgTdEPoAKT5tSEyIm"},"_type":1,"_sizeMode":0}],"_prefab":{"__type__":"cc.PrefabInfo","root":{"__id__":1},"asset":{"__uuid__":"c4mzK6hZZCDIqwh+CzSeMx"},"fileId":"47kmB5ERpDl5NPt2LzVnu4"},"_anchorPoint":{"__type__":"cc.Vec2","y":0.5},"_contentSize":{"__type__":"cc.Size","width":150,"height":35},"_position":{"__type__":"cc.Vec2","x":-125,"y":61.4}},{"__type__":"cc.Node","_name":"New EditBox","_parent":{"__id__":10},"_components":[{"__type__":"cc.EditBox","node":{"__id__":11},"_useOriginalSize":false,"_string":"0","_N$inputMode":6,"_N$fontSize":29,"_N$fontColor":{"__type__":"cc.Color"},"_N$placeholder":"","_N$maxLength":8}],"_prefab":{"__type__":"cc.PrefabInfo","root":{"__id__":1},"asset":{"__uuid__":"c4mzK6hZZCDIqwh+CzSeMx"},"fileId":"88NOpPgyZJ4rOFS7q5G/rd"},"_anchorPoint":{"__type__":"cc.Vec2","y":0.5},"_contentSize":{"__type__":"cc.Size","width":140,"height":40}},{"__type__":"cc.Node","_name":"medati","_parent":{"__id__":2},"_components":[{"__type__":"cc.Label","node":{"__id__":12},"_useOriginalSize":false,"_N$file":{"__uuid__":"3eFj6hgqlMFJZ+Ky2eVYla"},"_isSystemFontUsed":false,"_N$string":"个仓库空间"}],"_prefab":{"__type__":"cc.PrefabInfo","root":{"__id__":1},"asset":{"__uuid__":"c4mzK6hZZCDIqwh+CzSeMx"},"fileId":"0cbyB4idtP05ycbV7EDBb3"},"_color":{"__type__":"cc.Color"},"_contentSize":{"__type__":"cc.Size","width":200,"height":40},"_position":{"__type__":"cc.Vec2","x":131.6,"y":62.2}},{"__type__":"cc.Node","_name":"Hint","_parent":{"__id__":2},"_components":[{"__type__":"cc.Label","node":{"__id__":13},"_useOriginalSize":false,"_N$file":{"__uuid__":"3eFj6hgqlMFJZ+Ky2eVYla"},"_isSystemFontUsed":false,"_N$string":"共需花费%s万元"}],"_prefab":{"__type__":"cc.PrefabInfo","root":{"__id__":1},"asset":{"__uuid__":"c4mzK6hZZCDIqwh+CzSeMx"},"fileId":"ac4czEUCNO4596xjqybIwV"},"_color":{"__type__":"cc.Color"},"_contentSize":{"__type__":"cc.Size","width":277.27,"height":40}}]]