[{"__type__":"cc.SceneAsset","_name":"demo","scene":{"__id__":1},"asyncLoadAssets":null},{"__type__":"cc.Scene","_name":"New Node","_children":[{"__id__":2}],"_anchorPoint":{"__type__":"cc.Vec2"},"autoReleaseAssets":null},{"__type__":"cc.Node","_name":"Canvas","_parent":{"__id__":1},"_components":[{"__type__":"cc.Canvas","node":{"__id__":2},"_designResolution":{"__type__":"cc.Size","width":750,"height":1334}}],"_id":"63j4IUS7BDKbT9QJVhqGxv","_contentSize":{"__type__":"cc.Size","width":750,"height":1334},"_position":{"__type__":"cc.Vec2","x":375,"y":667}}]