[{"__type__":"cc.SpriteFrame","content":{"name":"button1","texture":"68M/21xMlFw6wWdzWK6uwr","rect":[8,7,495,70],"offset":[0.5,0.5],"originalSize":[510,85],"capInsets":[162,30,150,30]}},{"__type__":"cc.SpriteFrame","content":{"name":"IMG_0579","texture":"1eEBmhCXtKK6bDJY/+NIPM","rect":[0,0,300,250],"offset":[0,0],"originalSize":[300,250]}},{"__type__":"cc.SpriteFrame","content":{"name":"default_sprite_splash","texture":"02delMVqdBD70a/HSD99FK","rect":[0,0,2,2],"offset":[0,0],"originalSize":[2,2]}},[{"__type__":"cc.Prefab","_name":"Unit_House","data":{"__id__":1},"asyncLoadAssets":null},{"__type__":"cc.Node","_name":"Unit_House","_children":[{"__id__":2},{"__id__":3},{"__id__":5},{"__id__":7},{"__id__":9},{"__id__":10},{"__id__":12}],"_components":[{"__type__":"5ff7fayT+hMtbB9dBLHDEMd","node":{"__id__":1},"Sprite_HouseImg":{"__id__":4},"Label_HouseName":{"__id__":6},"Label_HouseDetail":{"__id__":8},"Label_HousePrice":{"__id__":11},"Node_HouseSelect":{"__id__":12}}],"_prefab":{"__type__":"cc.PrefabInfo","root":{"__id__":1},"asset":{"__uuid__":"aeBzdQrOlN6aGeiBQ0VyeE"},"fileId":"afyNGGxLJIjqRWb3OAiQYe"},"_anchorPoint":{"__type__":"cc.Vec2","x":0.5,"y":1},"_contentSize":{"__type__":"cc.Size","width":750,"height":250}},{"__type__":"cc.Node","_name":"New Sprite(Splash)","_parent":{"__id__":1},"_components":[{"__type__":"cc.Sprite","node":{"__id__":2},"_spriteFrame":{"__uuid__":"a2MjXRFdtLlYQ5ouAFv/+R"},"_sizeMode":0}],"_prefab":{"__type__":"cc.PrefabInfo","root":{"__id__":1},"asset":{"__uuid__":"aeBzdQrOlN6aGeiBQ0VyeE"},"fileId":"48SxGGMNtPjK5HippoyI37"},"_contentSize":{"__type__":"cc.Size","width":750,"height":250},"_position":{"__type__":"cc.Vec2","y":-124}},{"__type__":"cc.Node","_name":"img_HouseFrame","_parent":{"__id__":1},"_components":[{"__id__":4}],"_prefab":{"__type__":"cc.PrefabInfo","root":{"__id__":1},"asset":{"__uuid__":"aeBzdQrOlN6aGeiBQ0VyeE"},"fileId":"24fseB+RBONZGEROcAFNBd"},"_contentSize":{"__type__":"cc.Size","width":300,"height":250},"_position":{"__type__":"cc.Vec2","x":-223,"y":-124}},{"__type__":"cc.Sprite","node":{"__id__":3},"_spriteFrame":{"__uuid__":"75ffHyypZD85fq9DwWHm9k"}},{"__type__":"cc.Node","_name":"label_HouseName","_parent":{"__id__":1},"_components":[{"__id__":6}],"_prefab":{"__type__":"cc.PrefabInfo","root":{"__id__":1},"asset":{"__uuid__":"aeBzdQrOlN6aGeiBQ0VyeE"},"fileId":"21Dr1ibnxJ+pEfhqOuRCdK"},"_color":{"__type__":"cc.Color"},"_contentSize":{"__type__":"cc.Size","width":160,"height":40},"_position":{"__type__":"cc.Vec2","x":157,"y":-26}},{"__type__":"cc.Label","node":{"__id__":5},"_useOriginalSize":false,"_N$file":{"__uuid__":"3eFj6hgqlMFJZ+Ky2eVYla"},"_isSystemFontUsed":false,"_N$string":"四联排屋"},{"__type__":"cc.Node","_name":"label_HouseDetail","_parent":{"__id__":1},"_components":[{"__id__":8}],"_prefab":{"__type__":"cc.PrefabInfo","root":{"__id__":1},"asset":{"__uuid__":"aeBzdQrOlN6aGeiBQ0VyeE"},"fileId":"c6zT2cJcZK/a/jKATEGGUW"},"_color":{"__type__":"cc.Color"},"_anchorPoint":{"__type__":"cc.Vec2","y":1},"_contentSize":{"__type__":"cc.Size","width":400,"height":140},"_position":{"__type__":"cc.Vec2","x":-43,"y":-82}},{"__type__":"cc.Label","node":{"__id__":7},"_useOriginalSize":false,"_actualFontSize":35,"_fontSize":35,"_lineHeight":35,"_N$file":{"__uuid__":"3eFj6hgqlMFJZ+Ky2eVYla"},"_isSystemFontUsed":false,"_N$string":"四联排屋四联排屋四联排屋四联排屋四联排屋四联排屋四联排屋四联排屋四联排屋四联排屋","_N$overflow":3},{"__type__":"cc.Node","_name":"demo","_parent":{"__id__":1},"_components":[{"__type__":"cc.Label","node":{"__id__":9},"_useOriginalSize":false,"_actualFontSize":35,"_fontSize":35,"_lineHeight":35,"_N$file":{"__uuid__":"3eFj6hgqlMFJZ+Ky2eVYla"},"_isSystemFontUsed":false,"_N$string":"售价:"}],"_prefab":{"__type__":"cc.PrefabInfo","root":{"__id__":1},"asset":{"__uuid__":"aeBzdQrOlN6aGeiBQ0VyeE"},"fileId":"c1C4mgmANCGL2GUfsmBrlz"},"_color":{"__type__":"cc.Color"},"_contentSize":{"__type__":"cc.Size","width":81.69,"height":35},"_position":{"__type__":"cc.Vec2","x":14,"y":-61}},{"__type__":"cc.Node","_name":"label_HousePrice","_parent":{"__id__":1},"_components":[{"__id__":11}],"_prefab":{"__type__":"cc.PrefabInfo","root":{"__id__":1},"asset":{"__uuid__":"aeBzdQrOlN6aGeiBQ0VyeE"},"fileId":"43EAF0UipCwLm9Fwc9KoQR"},"_color":{"__type__":"cc.Color"},"_anchorPoint":{"__type__":"cc.Vec2","y":0.5},"_contentSize":{"__type__":"cc.Size","height":35},"_position":{"__type__":"cc.Vec2","x":64,"y":-61}},{"__type__":"cc.Label","node":{"__id__":10},"_useOriginalSize":false,"_actualFontSize":35,"_fontSize":35,"_lineHeight":35,"_N$file":{"__uuid__":"3eFj6hgqlMFJZ+Ky2eVYla"},"_isSystemFontUsed":false,"_N$string":""},{"__type__":"cc.Node","_name":"select","_parent":{"__id__":1},"_components":[{"__type__":"cc.Sprite","node":{"__id__":12},"_spriteFrame":{"__uuid__":"2cGJgU4edLFoFH2NebdnfW"},"_type":1,"_sizeMode":0}],"_prefab":{"__type__":"cc.PrefabInfo","root":{"__id__":1},"asset":{"__uuid__":"aeBzdQrOlN6aGeiBQ0VyeE"},"fileId":"fd1tZjZU9FlYeCM7SE96Xy"},"_color":{"__type__":"cc.Color","r":17,"g":235,"b":95},"_contentSize":{"__type__":"cc.Size","width":750,"height":250},"_position":{"__type__":"cc.Vec2","y":-125}}]]