[{"__type__":"cc.SpriteFrame","content":{"name":"loading","texture":"f7AytYHzBPUK7G8AZ6O1tg","rect":[0,0,820,29],"offset":[0,0],"originalSize":[820,29]}},[{"__type__":"cc.SceneAsset","_name":"Loading","scene":{"__id__":1},"asyncLoadAssets":null},{"__type__":"cc.Scene","_name":"New Node","_children":[{"__id__":2},{"__id__":18}],"_anchorPoint":{"__type__":"cc.Vec2"},"autoReleaseAssets":null},{"__type__":"cc.Node","_name":"Canvas","_parent":{"__id__":1},"_children":[{"__id__":3},{"__id__":12},{"__id__":15}],"_components":[{"__type__":"cc.Canvas","node":{"__id__":2},"_designResolution":{"__type__":"cc.Size","width":750,"height":1334}}],"_id":"a286bbGknJLZpRpxROV6M94","_color":{"__type__":"cc.Color","r":252,"g":252,"b":252},"_contentSize":{"__type__":"cc.Size","width":750,"height":1334},"_position":{"__type__":"cc.Vec2","x":375,"y":667}},{"__type__":"cc.Node","_name":"background","_parent":{"__id__":2},"_children":[{"__id__":4},{"__id__":5},{"__id__":6},{"__id__":8}],"_components":[{"__type__":"cc.Sprite","node":{"__id__":3},"_type":1,"_sizeMode":0}],"_contentSize":{"__type__":"cc.Size","width":750,"height":1334}},{"__type__":"cc.Node","_name":"New Sprite(Splash)","_parent":{"__id__":3},"_components":[{"__type__":"cc.Sprite","node":{"__id__":4},"_spriteFrame":{"__uuid__":"a2MjXRFdtLlYQ5ouAFv/+R"},"_sizeMode":0}],"_contentSize":{"__type__":"cc.Size","width":750,"height":1334}},{"__type__":"cc.Node","_name":"logo","_parent":{"__id__":3},"_components":[{"__type__":"cc.Sprite","node":{"__id__":5},"_spriteFrame":{"__uuid__":"9eQqFw1MlL6odvuH6SCsIw"}}],"_contentSize":{"__type__":"cc.Size","width":287,"height":80},"_position":{"__type__":"cc.Vec2","y":255}},{"__type__":"cc.Node","_name":"New Label","_parent":{"__id__":3},"_components":[{"__id__":7}],"_color":{"__type__":"cc.Color","r":73,"g":60,"b":60},"_contentSize":{"__type__":"cc.Size","width":79.64,"height":35},"_position":{"__type__":"cc.Vec2","y":-373}},{"__type__":"cc.Label","node":{"__id__":6},"_useOriginalSize":false,"_actualFontSize":35,"_fontSize":35,"_lineHeight":35,"_N$file":{"__uuid__":"3eFj6hgqlMFJZ+Ky2eVYla"},"_isSystemFontUsed":false,"_N$horizontalAlign":1,"_N$verticalAlign":1},{"__type__":"cc.Node","_name":"Loading","_parent":{"__id__":3},"_children":[{"__id__":9}],"_components":[{"__type__":"cc.Sprite","node":{"__id__":8},"_spriteFrame":{"__uuid__":"eeKPKElj9KG6EKP7dJVCju"},"_sizeMode":0},{"__id__":11}],"_contentSize":{"__type__":"cc.Size","width":400,"height":15},"_position":{"__type__":"cc.Vec2","y":-336}},{"__type__":"cc.Node","_name":"bar","_parent":{"__id__":8},"_components":[{"__id__":10}],"_anchorPoint":{"__type__":"cc.Vec2","y":0.5},"_contentSize":{"__type__":"cc.Size","width":280,"height":15},"_position":{"__type__":"cc.Vec2","x":-201.1,"y":0.5}},{"__type__":"cc.Sprite","node":{"__id__":9},"_spriteFrame":{"__uuid__":"074pMjQYBLYoZFRX0BXA7I"},"_type":1,"_sizeMode":0},{"__type__":"cc.ProgressBar","node":{"__id__":8},"_N$totalLength":400,"_N$barSprite":{"__id__":10},"_N$progress":0.7},{"__type__":"cc.Node","_name":"r1","_parent":{"__id__":2},"_children":[{"__id__":13}],"_components":[{"__type__":"cc.Sprite","node":{"__id__":12},"_spriteFrame":{"__uuid__":"6emGsazUNHebyBSe4RNbK2"}}],"_contentSize":{"__type__":"cc.Size","width":750,"height":1334}},{"__type__":"cc.Node","_name":"JiXu","_parent":{"__id__":12},"_children":[{"__id__":14}],"_components":[{"__type__":"cc.Sprite","node":{"__id__":13},"_spriteFrame":{"__uuid__":"a2MjXRFdtLlYQ5ouAFv/+R"},"_sizeMode":0}],"_color":{"__type__":"cc.Color","r":235,"g":86,"b":86},"_contentSize":{"__type__":"cc.Size","width":300,"height":80},"_position":{"__type__":"cc.Vec2","x":-13,"y":41}},{"__type__":"cc.Node","_name":"medati","_parent":{"__id__":13},"_components":[{"__type__":"cc.Label","node":{"__id__":14},"_useOriginalSize":false,"_actualFontSize":50,"_fontSize":50,"_lineHeight":50,"_N$file":{"__uuid__":"3eFj6hgqlMFJZ+Ky2eVYla"},"_isSystemFontUsed":false,"_N$string":"继续"}],"_color":{"__type__":"cc.Color"},"_contentSize":{"__type__":"cc.Size","width":100,"height":50}},{"__type__":"cc.Node","_name":"r11","_parent":{"__id__":2},"_children":[{"__id__":16}],"_components":[{"__type__":"cc.Sprite","node":{"__id__":15},"_spriteFrame":{"__uuid__":"75b9JpsF5ENoyheg4o+uok"}}],"_contentSize":{"__type__":"cc.Size","width":750,"height":1334}},{"__type__":"cc.Node","_name":"Start","_parent":{"__id__":15},"_children":[{"__id__":17}],"_components":[{"__type__":"cc.Sprite","node":{"__id__":16},"_spriteFrame":{"__uuid__":"a2MjXRFdtLlYQ5ouAFv/+R"},"_sizeMode":0}],"_color":{"__type__":"cc.Color","r":235,"g":86,"b":86},"_contentSize":{"__type__":"cc.Size","width":300,"height":80},"_position":{"__type__":"cc.Vec2","x":-13,"y":96}},{"__type__":"cc.Node","_name":"Start","_parent":{"__id__":16},"_components":[{"__type__":"cc.Label","node":{"__id__":17},"_useOriginalSize":false,"_actualFontSize":50,"_fontSize":50,"_lineHeight":50,"_N$file":{"__uuid__":"3eFj6hgqlMFJZ+Ky2eVYla"},"_isSystemFontUsed":false,"_N$string":"开始挑战"}],"_color":{"__type__":"cc.Color"},"_contentSize":{"__type__":"cc.Size","width":200,"height":50}},{"__type__":"cc.Node","_name":"LogicNode","_parent":{"__id__":1},"_components":[{"__type__":"f2f56WwiW9KgpQwemWPLycY","node":{"__id__":18},"ArrButton":[{"__id__":13},{"__id__":16}],"Loading":{"__id__":11},"ProgressLabel":{"__id__":7},"Node_R1":{"__id__":12},"Node_R2":{"__id__":15}}],"_id":"537dMhPmVPXJguPCzkAh2d"}],{"__type__":"cc.SpriteFrame","content":{"name":"r1","texture":"edk5eh+rJA7qCVOYJJbGSu","rect":[0,0,750,1334],"offset":[0,0],"originalSize":[750,1334]}},{"__type__":"cc.SpriteFrame","content":{"name":"r11","texture":"9ar8hFqfZG+qBWVPU9zXyi","rect":[0,0,750,1334],"offset":[0,0],"originalSize":[750,1334]}},{"__type__":"cc.SpriteFrame","content":{"name":"logo","texture":"d5z176IipKj58IiaMGBUAO","rect":[61,3,287,80],"offset":[-95.5,0],"originalSize":[600,86]}},{"__type__":"cc.SpriteFrame","content":{"name":"default_sprite_splash","texture":"02delMVqdBD70a/HSD99FK","rect":[0,0,2,2],"offset":[0,0],"originalSize":[2,2]}},{"__type__":"cc.SpriteFrame","content":{"name":"loadbg","texture":"b0cSRAl6JMJ4vHj5flYywd","rect":[0,0,830,27],"offset":[0,0],"originalSize":[830,27]}}]